Network Name,IP Address,u_marsha,u_lsp,LSP,Contact
BNAOP,50.237.134.163,BNAOP,Allbridge,Allbridge,LSP-Allbridge <LSP-Allbridge@marriottonline.onmicrosoft.com>
ATLRE,134.56.64.51,ATLRE,Allbridge,Allbridge,LSP-Allbridge <LSP-Allbridge@marriottonline.onmicrosoft.com>
AZOZO,96.36.55.130,AZOZO,Allbridge,Allbridge,LSP-Allbridge <LSP-Allbridge@marriottonline.onmicrosoft.com>
CHIXS,198.41.89.115,CHIXS,Allbridge,Allbridge,LSP-Allbridge <LSP-Allbridge@marriottonline.onmicrosoft.com>
CLEAK,70.61.255.230,CLEAK,Allbridge,Allbridge,LSP-Allbridge <LSP-Allbridge@marriottonline.onmicrosoft.com>
DALAC,12.47.142.194,DALAC,Allbridge,Allbridge,LSP-Allbridge <LSP-Allbridge@marriottonline.onmicrosoft.com>
DALAS,192.210.23.146,DALAS,Allbridge,Allbridge,LSP-Allbridge <LSP-Allbridge@marriottonline.onmicrosoft.com>
DALPR,97.105.138.146,DALPR,Allbridge,Allbridge,LSP-Allbridge <LSP-Allbridge@marriottonline.onmicrosoft.com>
DENDA,65.126.187.66,DENDA,Allbridge,Allbridge,LSP-Allbridge <LSP-Allbridge@marriottonline.onmicrosoft.com>
DENFI,199.117.93.194,DENFI,Allbridge,Allbridge,LSP-Allbridge <LSP-Allbridge@marriottonline.onmicrosoft.com>
DFWAR,12.5.251.3,DFWAR,Allbridge,Allbridge,LSP-Allbridge <LSP-Allbridge@marriottonline.onmicrosoft.com>
DFWTW,12.202.118.34,DFWTW,Allbridge,Allbridge,LSP-Allbridge <LSP-Allbridge@marriottonline.onmicrosoft.com>
DROFI,69.39.5.218,DROFI,Allbridge,Allbridge,LSP-Allbridge <LSP-Allbridge@marriottonline.onmicrosoft.com>
EWRMV,69.74.89.52,EWRMV,Allbridge,Allbridge,LSP-Allbridge <LSP-Allbridge@marriottonline.onmicrosoft.com>
GSOCY,70.61.84.123,GSOCY,Allbridge,Allbridge,LSP-Allbridge <LSP-Allbridge@marriottonline.onmicrosoft.com>
LITRV,216.163.8.138,LITRV,Allbridge,Allbridge,LSP-Allbridge <LSP-Allbridge@marriottonline.onmicrosoft.com>
LRUTS,216.161.41.55,LRUTS,Allbridge,Allbridge,LSP-Allbridge <LSP-Allbridge@marriottonline.onmicrosoft.com>
MGMTM,24.96.80.20,MGMTM,Allbridge,Allbridge,LSP-Allbridge <LSP-Allbridge@marriottonline.onmicrosoft.com>
MKEFI,70.62.154.114,MKEFI,Allbridge,Allbridge,LSP-Allbridge <LSP-Allbridge@marriottonline.onmicrosoft.com>
OKCAP,12.52.165.18,OKCAP,Allbridge,Allbridge,LSP-Allbridge <LSP-Allbridge@marriottonline.onmicrosoft.com>
PAHFI,12.107.245.181,PAHFI,Allbridge,Allbridge,LSP-Allbridge <LSP-Allbridge@marriottonline.onmicrosoft.com>
RDURB,98.101.158.91,RDURB,Allbridge,Allbridge,LSP-Allbridge <LSP-Allbridge@marriottonline.onmicrosoft.com>
RDURX,66.57.248.11,RDURX,Allbridge,Allbridge,LSP-Allbridge <LSP-Allbridge@marriottonline.onmicrosoft.com>
SANOX,12.181.158.210,SANOX,Allbridge,Allbridge,LSP-Allbridge <LSP-Allbridge@marriottonline.onmicrosoft.com>
WGOFI,204.111.19.51,WGOFI,Allbridge,Allbridge,LSP-Allbridge <LSP-Allbridge@marriottonline.onmicrosoft.com>
HOUCT,50.202.153.149,HOUCT,Allbridge,Allbridge,LSP-Allbridge <LSP-Allbridge@marriottonline.onmicrosoft.com>
MEMEF,12.184.130.94,MEMEF,Allbridge,Allbridge,LSP-Allbridge <LSP-Allbridge@marriottonline.onmicrosoft.com>
LEXFF,216.207.217.123,LEXFF,Allbridge,Allbridge,LSP-Allbridge <LSP-Allbridge@marriottonline.onmicrosoft.com>
MEMOB,63.209.200.133,MEMOB,Allbridge,Allbridge,LSP-Allbridge <LSP-Allbridge@marriottonline.onmicrosoft.com>
ALOFW,64.237.24.201,ALOFW,Allbridge,Allbridge,LSP-Allbridge <LSP-Allbridge@marriottonline.onmicrosoft.com>
DABPC,66.19.243.227,DABPC,Allbridge,Allbridge,LSP-Allbridge <LSP-Allbridge@marriottonline.onmicrosoft.com>
FLGSH,4.2.33.114,FLGSH,Allbridge,Allbridge,LSP-Allbridge <LSP-Allbridge@marriottonline.onmicrosoft.com>
HTSDH,204.124.83.243,HTSDH,Allbridge,Allbridge,LSP-Allbridge <LSP-Allbridge@marriottonline.onmicrosoft.com>
JAXJB,50.233.235.225,JAXJB,Allbridge,Allbridge,LSP-Allbridge <LSP-Allbridge@marriottonline.onmicrosoft.com>
NYCEB,207.237.128.58,NYCEB,Allbridge,Allbridge,LSP-Allbridge <LSP-Allbridge@marriottonline.onmicrosoft.com>
OMAWF,98.188.140.251,OMAWF,Allbridge,Allbridge,LSP-Allbridge <LSP-Allbridge@marriottonline.onmicrosoft.com>
TPAPC,72.109.250.163,TPAPC,Allbridge,Allbridge,LSP-Allbridge <LSP-Allbridge@marriottonline.onmicrosoft.com>
LITPB,12.189.37.162,LITPB,Allbridge,Allbridge,LSP-Allbridge <LSP-Allbridge@marriottonline.onmicrosoft.com>
ERIDT,63.104.132.227,ERIDT,Allbridge,Allbridge,LSP-Allbridge <LSP-Allbridge@marriottonline.onmicrosoft.com>
LAXCE,66.171.146.243,LAXCE,Blueprint RF,Blueprint RF,LSP-BlueprintRF@marriottonline.onmicrosoft.com
ATLKB,12.148.90.211,ATLKB,Blueprint RF,Blueprint RF,LSP-BlueprintRF@marriottonline.onmicrosoft.com
CSGLG,47.44.50.114,CSGLG,Blueprint RF,Blueprint RF,LSP-BlueprintRF@marriottonline.onmicrosoft.com
AOOTA,209.196.165.99,AOOTA,Blueprint RF,Blueprint RF,LSP-BlueprintRF@marriottonline.onmicrosoft.com
BFLTS,12.181.80.66,BFLTS,Blueprint RF,Blueprint RF,LSP-BlueprintRF@marriottonline.onmicrosoft.com
BHMBB,75.114.38.186,BHMBB,Blueprint RF,Blueprint RF,LSP-BlueprintRF@marriottonline.onmicrosoft.com
BHMCO,12.23.150.242,BHMCO,Blueprint RF,Blueprint RF,LSP-BlueprintRF@marriottonline.onmicrosoft.com
BNAKV,12.71.222.39,BNAKV,Blueprint RF,Blueprint RF,LSP-BlueprintRF@marriottonline.onmicrosoft.com
BOSAV,65.217.204.98,BOSAV,Blueprint RF,Blueprint RF,LSP-BlueprintRF@marriottonline.onmicrosoft.com
BTLFI,50.228.47.66,BTLFI,Blueprint RF,Blueprint RF,LSP-BlueprintRF@marriottonline.onmicrosoft.com
BURSC,12.96.123.134,BURSC,Blueprint RF,Blueprint RF,LSP-BlueprintRF@marriottonline.onmicrosoft.com
CHITL,12.1.126.220,CHITL,Blueprint RF,Blueprint RF,LSP-BlueprintRF@marriottonline.onmicrosoft.com
DALSH,12.189.133.134,DALSH,Blueprint RF,Blueprint RF,LSP-BlueprintRF@marriottonline.onmicrosoft.com
DENCD,204.132.107.34,DENCD,Blueprint RF,Blueprint RF,LSP-BlueprintRF@marriottonline.onmicrosoft.com
DENLK,205.169.165.10,DENLK,Blueprint RF,Blueprint RF,LSP-BlueprintRF@marriottonline.onmicrosoft.com
DFWFD,216.74.227.98,DFWFD,Blueprint RF,Blueprint RF,LSP-BlueprintRF@marriottonline.onmicrosoft.com
DFWWL,47.44.63.162,DFWWL,Blueprint RF,Blueprint RF,LSP-BlueprintRF@marriottonline.onmicrosoft.com
DSMEL,207.108.41.162,DSMEL,Blueprint RF,Blueprint RF,LSP-BlueprintRF@marriottonline.onmicrosoft.com
EWRGP,65.196.32.146,EWRGP,Blueprint RF,Blueprint RF,LSP-BlueprintRF@marriottonline.onmicrosoft.com
EWROG,134.6.206.34,EWROG,Blueprint RF,Blueprint RF,LSP-BlueprintRF@marriottonline.onmicrosoft.com
FATTS,12.51.39.66,FATTS,Blueprint RF,Blueprint RF,LSP-BlueprintRF@marriottonline.onmicrosoft.com
FWATS,50.239.174.98,FWATS,Blueprint RF,Blueprint RF,LSP-BlueprintRF@marriottonline.onmicrosoft.com
HOUBF,209.214.8.98,HOUBF,Blueprint RF,Blueprint RF,LSP-BlueprintRF@marriottonline.onmicrosoft.com
HOUKW,207.192.195.76,HOUKW,Blueprint RF,Blueprint RF,LSP-BlueprintRF@marriottonline.onmicrosoft.com
HOUTP,12.1.182.163,HOUTP,Blueprint RF,Blueprint RF,LSP-BlueprintRF@marriottonline.onmicrosoft.com
HVNCY,184.81.57.194,HVNCY,Blueprint RF,Blueprint RF,LSP-BlueprintRF@marriottonline.onmicrosoft.com
ILERI,97.77.246.66,ILERI,Blueprint RF,Blueprint RF,LSP-BlueprintRF@marriottonline.onmicrosoft.com
ILMCY,12.170.8.210,ILMCY,Blueprint RF,Blueprint RF,LSP-BlueprintRF@marriottonline.onmicrosoft.com
JAXCH,12.173.145.6,JAXCH,Blueprint RF,Blueprint RF,LSP-BlueprintRF@marriottonline.onmicrosoft.com
LBBTS,216.131.28.84,LBBTS,Blueprint RF,Blueprint RF,LSP-BlueprintRF@marriottonline.onmicrosoft.com
LEXRI,24.172.241.18,LEXRI,Blueprint RF,Blueprint RF,LSP-BlueprintRF@marriottonline.onmicrosoft.com
LSEFI,63.144.123.2,LSEFI,Blueprint RF,Blueprint RF,LSP-BlueprintRF@marriottonline.onmicrosoft.com
MCNFW,66.210.74.66,MCNFW,Blueprint RF,Blueprint RF,LSP-BlueprintRF@marriottonline.onmicrosoft.com
MCOYW,67.231.199.68,MCOYW,Blueprint RF,Blueprint RF,LSP-BlueprintRF@marriottonline.onmicrosoft.com
MHKCY,184.80.242.60,MHKCY,Blueprint RF,Blueprint RF,LSP-BlueprintRF@marriottonline.onmicrosoft.com
MHKFP,70.167.45.228,MHKFP,Blueprint RF,Blueprint RF,LSP-BlueprintRF@marriottonline.onmicrosoft.com
MLUFS,208.46.188.247,MLUFS,Blueprint RF,Blueprint RF,LSP-BlueprintRF@marriottonline.onmicrosoft.com
MSYMM,209.96.202.10,MSYMM,Blueprint RF,Blueprint RF,LSP-BlueprintRF@marriottonline.onmicrosoft.com
OKCQS,12.41.205.135,OKCQS,Blueprint RF,Blueprint RF,LSP-BlueprintRF@marriottonline.onmicrosoft.com
OKCRI,12.31.192.162,OKCRI,Blueprint RF,Blueprint RF,LSP-BlueprintRF@marriottonline.onmicrosoft.com
POUCY,184.75.127.3,POUCY,Blueprint RF,Blueprint RF,LSP-BlueprintRF@marriottonline.onmicrosoft.com
SJCFP,12.1.67.138,SJCFP,Blueprint RF,Blueprint RF,LSP-BlueprintRF@marriottonline.onmicrosoft.com
SYRRI,63.85.18.130,SYRRI,Blueprint RF,Blueprint RF,LSP-BlueprintRF@marriottonline.onmicrosoft.com
TPATN,97.76.251.226,TPATN,Blueprint RF,Blueprint RF,LSP-BlueprintRF@marriottonline.onmicrosoft.com
VRPFI,50.201.238.98,VRPFI,Blueprint RF,Blueprint RF,LSP-BlueprintRF@marriottonline.onmicrosoft.com
GRBDT,12.175.17.130,GRBDT,Blueprint RF,Blueprint RF,LSP-BlueprintRF@marriottonline.onmicrosoft.com
MKEWE,12.28.102.2,MKEWE,Blueprint RF,Blueprint RF,LSP-BlueprintRF@marriottonline.onmicrosoft.com
CHIDM,12.106.178.2,CHIDM,Blueprint RF,Blueprint RF,LSP-BlueprintRF@marriottonline.onmicrosoft.com
MIAAK,162.225.119.231,MIAAK,Blueprint RF,Blueprint RF,LSP-BlueprintRF@marriottonline.onmicrosoft.com
VPSTS,63.158.39.69,VPSTS,Blueprint RF,Blueprint RF,LSP-BlueprintRF@marriottonline.onmicrosoft.com
OCWFI,50.238.2.211,OCWFI,Blueprint RF,Blueprint RF,LSP-BlueprintRF@marriottonline.onmicrosoft.com
INTSR,70.63.197.242,INTSR,Blueprint RF,Blueprint RF,LSP-BlueprintRF@marriottonline.onmicrosoft.com
MAFOD,24.116.217.66,MAFOD,Blueprint RF,Blueprint RF,LSP-BlueprintRF@marriottonline.onmicrosoft.com
PEQFI,208.180.102.2,PEQFI,Blueprint RF,Blueprint RF,LSP-BlueprintRF@marriottonline.onmicrosoft.com
PHLVS,50.207.206.228,PHLVS,Blueprint RF,Blueprint RF,LSP-BlueprintRF@marriottonline.onmicrosoft.com
SDFRA,12.68.236.195,SDFRA,Cloud5,Cloud5,LSP-Cloud5@marriottonline.onmicrosoft.com
HOUPS,12.28.69.2,HOUPS,Cloud5,Cloud5,LSP-Cloud5@marriottonline.onmicrosoft.com
BDLHF,50.226.185.51,BDLHF,Cloud5,Cloud5,LSP-Cloud5@marriottonline.onmicrosoft.com
GRIGI,104.218.81.98,GRIGI,Cloud5,Cloud5,LSP-Cloud5@marriottonline.onmicrosoft.com
HHHGR,67.201.73.151,HHHGR,Cloud5,Cloud5,LSP-Cloud5@marriottonline.onmicrosoft.com
LEBFI,72.15.30.19,LEBFI,Cloud5,Cloud5,LSP-Cloud5@marriottonline.onmicrosoft.com
MCOLX,216.53.153.67,MCOLX,Cloud5,Cloud5,LSP-Cloud5@marriottonline.onmicrosoft.com
MCOLZ,216.53.153.104,MCOLZ,Cloud5,Cloud5,LSP-Cloud5@marriottonline.onmicrosoft.com
SFOMD,12.205.173.171,SFOMD,Cloud5,Cloud5,LSP-Cloud5@marriottonline.onmicrosoft.com
SFOFP,12.138.45.140,SFOFP,Cloud5,Cloud5,LSP-Cloud5@marriottonline.onmicrosoft.com
PDXRZ,206.222.221.5,PDXRZ,Cloud5,Cloud5,LSP-Cloud5@marriottonline.onmicrosoft.com
BNADA,72.166.81.142,BNADA,Cloud5,Cloud5,LSP-Cloud5@marriottonline.onmicrosoft.com
SEACA,4.42.79.211,SEACA,Cloud5,Cloud5,LSP-Cloud5@marriottonline.onmicrosoft.com
SEACA,4.42.79.211,SEACA,Cloud5,Cloud5,LSP-Cloud5@marriottonline.onmicrosoft.com
TUSDS,70.182.52.211,TUSDS,Cloud5,Cloud5,LSP-Cloud5@marriottonline.onmicrosoft.com
LNSRI,50.239.175.67,LNSRI,Cloud5,Cloud5,LSP-Cloud5@marriottonline.onmicrosoft.com
COSSM,50.169.172.51,COSSM,Cloud5,Cloud5,LSP-Cloud5@marriottonline.onmicrosoft.com
FHKSH,63.247.178.27,FHKSH,Cloud5,Cloud5,LSP-Cloud5@marriottonline.onmicrosoft.com
MCIAC,76.201.156.133,MCIAC,Cloud5,Cloud5,LSP-Cloud5@marriottonline.onmicrosoft.com
RICNW,65.216.134.3,RICNW,Comcast Business,Comcast Business,LSP-Comcast@marriottonline.onmicrosoft.com
BNACA,12.107.237.141,BNACA,Comcast Business,Comcast Business,LSP-Comcast@marriottonline.onmicrosoft.com
ABYFX,97.64.243.118,ABYFX,Comcast Business,Comcast Business,LSP-Comcast@marriottonline.onmicrosoft.com
AGSCH,209.64.133.6,AGSCH,Comcast Business,Comcast Business,LSP-Comcast@marriottonline.onmicrosoft.com
ALBBR,184.74.19.188,ALBBR,Comcast Business,Comcast Business,LSP-Comcast@marriottonline.onmicrosoft.com
AGSRI,66.49.112.52,AGSRI,Comcast Business,Comcast Business,LSP-Comcast@marriottonline.onmicrosoft.com
AUSFI,12.36.164.104,AUSFI,Comcast Business,Comcast Business,LSP-Comcast@marriottonline.onmicrosoft.com
BHMAL,12.49.40.11,BHMAL,Comcast Business,Comcast Business,LSP-Comcast@marriottonline.onmicrosoft.com
BOIFI,184.155.139.210,BOIFI,Comcast Business,Comcast Business,LSP-Comcast@marriottonline.onmicrosoft.com
BOSDE,50.204.117.130,BOSDE,Comcast Business,Comcast Business,LSP-Comcast@marriottonline.onmicrosoft.com
BQKCJ,98.19.96.21,BQKCJ,Comcast Business,Comcast Business,LSP-Comcast@marriottonline.onmicrosoft.com
BQKRJ,98.19.96.20,BQKRJ,Comcast Business,Comcast Business,LSP-Comcast@marriottonline.onmicrosoft.com
CLENO,12.219.242.195,CLENO,Comcast Business,Comcast Business,LSP-Comcast@marriottonline.onmicrosoft.com
DAYML,12.207.121.8,DAYML,Comcast Business,Comcast Business,LSP-Comcast@marriottonline.onmicrosoft.com
DTTTR,63.85.222.136,DTTTR,Comcast Business,Comcast Business,LSP-Comcast@marriottonline.onmicrosoft.com
FLLCY,12.216.122.4,FLLCY,Comcast Business,Comcast Business,LSP-Comcast@marriottonline.onmicrosoft.com
HARSI,208.240.59.227,HARSI,Comcast Business,Comcast Business,LSP-Comcast@marriottonline.onmicrosoft.com
IAHFP,50.208.73.179,IAHFP,Comcast Business,Comcast Business,LSP-Comcast@marriottonline.onmicrosoft.com
IDARI,63.230.116.164,IDARI,Comcast Business,Comcast Business,LSP-Comcast@marriottonline.onmicrosoft.com
INDAP,12.18.146.211,INDAP,Comcast Business,Comcast Business,LSP-Comcast@marriottonline.onmicrosoft.com
INDFA,12.215.69.52,INDFA,Comcast Business,Comcast Business,LSP-Comcast@marriottonline.onmicrosoft.com
LANTS,50.232.76.147,LANTS,Comcast Business,Comcast Business,LSP-Comcast@marriottonline.onmicrosoft.com
LAXCH,65.204.170.68,LAXCH,Comcast Business,Comcast Business,LSP-Comcast@marriottonline.onmicrosoft.com
LNKCY,76.79.31.115,LNKCY,Comcast Business,Comcast Business,LSP-Comcast@marriottonline.onmicrosoft.com
MCOCH,12.217.56.67,MCOCH,Comcast Business,Comcast Business,LSP-Comcast@marriottonline.onmicrosoft.com
MDWTS,107.1.155.12,MDWTS,Comcast Business,Comcast Business,LSP-Comcast@marriottonline.onmicrosoft.com
MSYCM,12.147.77.56,MSYCM,Comcast Business,Comcast Business,LSP-Comcast@marriottonline.onmicrosoft.com
PDXAK,70.99.6.60,PDXAK,Comcast Business,Comcast Business,LSP-Comcast@marriottonline.onmicrosoft.com
PDXPD,65.154.106.6,PDXPD,Comcast Business,Comcast Business,LSP-Comcast@marriottonline.onmicrosoft.com
PHLML,65.196.68.142,PHLML,Comcast Business,Comcast Business,LSP-Comcast@marriottonline.onmicrosoft.com
PHLWL,65.216.154.69,PHLWL,Comcast Business,Comcast Business,LSP-Comcast@marriottonline.onmicrosoft.com
PHXAC,63.237.185.202,PHXAC,Comcast Business,Comcast Business,LSP-Comcast@marriottonline.onmicrosoft.com
SAVCH,12.207.216.3,SAVCH,Comcast Business,Comcast Business,LSP-Comcast@marriottonline.onmicrosoft.com
SFOFA,50.226.47.212,SFOFA,Comcast Business,Comcast Business,LSP-Comcast@marriottonline.onmicrosoft.com
SFOSN,50.227.211.196,SFOSN,Comcast Business,Comcast Business,LSP-Comcast@marriottonline.onmicrosoft.com
SFOSU,50.227.215.53,SFOSU,Comcast Business,Comcast Business,LSP-Comcast@marriottonline.onmicrosoft.com
SJCAK,66.201.56.4,SJCAK,Comcast Business,Comcast Business,LSP-Comcast@marriottonline.onmicrosoft.com
SJCFV,12.220.155.20,SJCFV,Comcast Business,Comcast Business,LSP-Comcast@marriottonline.onmicrosoft.com
SLCLG,65.115.218.242,SLCLG,Comcast Business,Comcast Business,LSP-Comcast@marriottonline.onmicrosoft.com
SLCSD,97.75.163.35,SLCSD,Comcast Business,Comcast Business,LSP-Comcast@marriottonline.onmicrosoft.com
SNABP,12.139.135.13,SNABP,Comcast Business,Comcast Business,LSP-Comcast@marriottonline.onmicrosoft.com
SNAPK,12.40.67.214,SNAPK,Comcast Business,Comcast Business,LSP-Comcast@marriottonline.onmicrosoft.com
TPAAP,172.109.167.93,TPAAP,Comcast Business,Comcast Business,LSP-Comcast@marriottonline.onmicrosoft.com
TPASL,144.129.2.35,TPASL,Comcast Business,Comcast Business,LSP-Comcast@marriottonline.onmicrosoft.com
WASFK,50.216.174.36,WASFK,Comcast Business,Comcast Business,LSP-Comcast@marriottonline.onmicrosoft.com
WASTO,98.175.7.44,WASTO,Comcast Business,Comcast Business,LSP-Comcast@marriottonline.onmicrosoft.com
TLHCH,63.149.176.4,TLHCH,Comcast Business,Comcast Business,LSP-Comcast@marriottonline.onmicrosoft.com
CHIRL,12.28.2.119,CHIRL,Comcast Business,Comcast Business,LSP-Comcast@marriottonline.onmicrosoft.com
CLECI,12.231.113.3,CLECI,Comcast Business,Comcast Business,LSP-Comcast@marriottonline.onmicrosoft.com
MCOOI,12.187.10.196,MCOOI,Comcast Business,Comcast Business,LSP-Comcast@marriottonline.onmicrosoft.com
WASSX,50.233.149.130,WASSX,Comcast Business,Comcast Business,LSP-Comcast@marriottonline.onmicrosoft.com
YGKFP,204.101.207.140,YGKFP,Concord,Concord,LSP-Concord <LSP-Concord@marriottonline.onmicrosoft.com>
YGKFP,204.101.207.140,YGKFP,Concord,Concord,LSP-Concord <LSP-Concord@marriottonline.onmicrosoft.com>
PITHW,173.225.48.4,PITHW,Concord,Concord,LSP-Concord <LSP-Concord@marriottonline.onmicrosoft.com>
JAXRV,12.168.235.131,JAXRV,Concord,Concord,LSP-Concord <LSP-Concord@marriottonline.onmicrosoft.com>
CLERI,12.168.218.202,CLERI,Concord,Concord,LSP-Concord <LSP-Concord@marriottonline.onmicrosoft.com>
,,,,DeepBlueCommunications (added to Comcast),LSP-Comcast@marriottonline.onmicrosoft.com
MADFI,190.57.23.228,MADFI,Esferize,Esferize,Arturo R. Sanz <arsanz@esferize.com>; Eduardo Aparicio <eaparicio@esferize.com>
MADCU,195.55.124.212,MADCU,Esferize,Esferize,Arturo R. Sanz <arsanz@esferize.com>; Eduardo Aparicio <eaparicio@esferize.com>
BCNKS,213.0.30.41,BCNKS,Esferize,Esferize,Arturo R. Sanz <arsanz@esferize.com>; Eduardo Aparicio <eaparicio@esferize.com>
AGPMG,195.77.240.169,AGPMG,Esferize,Esferize,Arturo R. Sanz <arsanz@esferize.com>; Eduardo Aparicio <eaparicio@esferize.com>
ALCAL,195.77.43.52,ALCAL,Esferize,Esferize,Arturo R. Sanz <arsanz@esferize.com>; Eduardo Aparicio <eaparicio@esferize.com>
VLCAP,195.77.43.180,VLCAP,Esferize,Esferize,Arturo R. Sanz <arsanz@esferize.com>; Eduardo Aparicio <eaparicio@esferize.com>
FLRFI,93.47.81.54,FLRFI,Esferize,Esferize,Arturo R. Sanz <arsanz@esferize.com>; Eduardo Aparicio <eaparicio@esferize.com>
VITBK,194.224.83.211,VITBK,Esferize,Esferize,Arturo R. Sanz <arsanz@esferize.com>; Eduardo Aparicio <eaparicio@esferize.com>
VITBK,194.224.83.211,VITBK,Esferize,Esferize,Arturo R. Sanz <arsanz@esferize.com>; Eduardo Aparicio <eaparicio@esferize.com>
,,,,FourteenIP,"Cunliffe, Dan (SP) <Dan.Cunliffe@marriott-sp.com>;"
YEGAF,208.118.95.98,YEGAF,GuestTek,GuestTek,LSP-Guest-Tek <LSP-Guest-Tek@marriottonline.onmicrosoft.com>
DENAP,65.140.8.226,DENAP,GuestTek,GuestTek,LSP-Guest-Tek <LSP-Guest-Tek@marriottonline.onmicrosoft.com>
HLNRI,67.52.95.18,HLNRI,GuestTek,GuestTek,LSP-Guest-Tek <LSP-Guest-Tek@marriottonline.onmicrosoft.com>
LASNV,63.237.165.130,LASNV,GuestTek,GuestTek,LSP-Guest-Tek <LSP-Guest-Tek@marriottonline.onmicrosoft.com>
LAXRO,12.176.54.98,LAXRO,GuestTek,GuestTek,LSP-Guest-Tek <LSP-Guest-Tek@marriottonline.onmicrosoft.com>
LBBFI,199.123.2.135,LBBFI,GuestTek,GuestTek,LSP-Guest-Tek <LSP-Guest-Tek@marriottonline.onmicrosoft.com>
MAFFI,160.3.220.146,MAFFI,GuestTek,GuestTek,LSP-Guest-Tek <LSP-Guest-Tek@marriottonline.onmicrosoft.com>
MBSSG,216.25.191.226,MBSSG,GuestTek,GuestTek,LSP-Guest-Tek <LSP-Guest-Tek@marriottonline.onmicrosoft.com>
MBSTP,63.76.11.2,MBSTP,GuestTek,GuestTek,LSP-Guest-Tek <LSP-Guest-Tek@marriottonline.onmicrosoft.com>
MCICV,150.220.242.116,MCICV,GuestTek,GuestTek,LSP-Guest-Tek <LSP-Guest-Tek@marriottonline.onmicrosoft.com>
MCISM,12.164.200.109,MCISM,GuestTek,GuestTek,LSP-Guest-Tek <LSP-Guest-Tek@marriottonline.onmicrosoft.com>
MEMCA,12.203.205.66,MEMCA,GuestTek,GuestTek,LSP-Guest-Tek <LSP-Guest-Tek@marriottonline.onmicrosoft.com>
MFRCY,69.85.213.31,MFRCY,GuestTek,GuestTek,LSP-Guest-Tek <LSP-Guest-Tek@marriottonline.onmicrosoft.com>
MKEDN,12.237.55.66,MKEDN,GuestTek,GuestTek,LSP-Guest-Tek <LSP-Guest-Tek@marriottonline.onmicrosoft.com>
MNZCH,63.88.70.131,MNZCH,GuestTek,GuestTek,LSP-Guest-Tek <LSP-Guest-Tek@marriottonline.onmicrosoft.com>
MNZCY,170.249.134.111,MNZCY,GuestTek,GuestTek,LSP-Guest-Tek <LSP-Guest-Tek@marriottonline.onmicrosoft.com>
MSNMV,12.175.2.226,MSNMV,GuestTek,GuestTek,LSP-Guest-Tek <LSP-Guest-Tek@marriottonline.onmicrosoft.com>
MSYRZ,12.68.221.114,MSYRZ,GuestTek,GuestTek,LSP-Guest-Tek <LSP-Guest-Tek@marriottonline.onmicrosoft.com>
OMART,65.155.45.18,OMART,GuestTek,GuestTek,LSP-Guest-Tek <LSP-Guest-Tek@marriottonline.onmicrosoft.com>
OSHFI,99.110.125.177,OSHFI,GuestTek,GuestTek,LSP-Guest-Tek <LSP-Guest-Tek@marriottonline.onmicrosoft.com>
OWBTS,74.9.214.178,OWBTS,GuestTek,GuestTek,LSP-Guest-Tek <LSP-Guest-Tek@marriottonline.onmicrosoft.com>
PHLSA,65.124.80.194,PHLSA,GuestTek,GuestTek,LSP-Guest-Tek <LSP-Guest-Tek@marriottonline.onmicrosoft.com>
PHLVF,67.51.133.205,PHLVF,GuestTek,GuestTek,LSP-Guest-Tek <LSP-Guest-Tek@marriottonline.onmicrosoft.com>
PHXRP,98.179.134.178,PHXRP,GuestTek,GuestTek,LSP-Guest-Tek <LSP-Guest-Tek@marriottonline.onmicrosoft.com>
PWMPT,50.235.189.212,PWMPT,GuestTek,GuestTek,LSP-Guest-Tek <LSP-Guest-Tek@marriottonline.onmicrosoft.com>
RDUDR,209.119.243.3,RDUDR,GuestTek,GuestTek,LSP-Guest-Tek <LSP-Guest-Tek@marriottonline.onmicrosoft.com>
SEANG,205.170.182.2,SEANG,GuestTek,GuestTek,LSP-Guest-Tek <LSP-Guest-Tek@marriottonline.onmicrosoft.com>
SNADP,8.9.46.178,SNADP,GuestTek,GuestTek,LSP-Guest-Tek <LSP-Guest-Tek@marriottonline.onmicrosoft.com>
SPAMC,128.92.65.167,SPAMC,GuestTek,GuestTek,LSP-Guest-Tek <LSP-Guest-Tek@marriottonline.onmicrosoft.com>
STCFI,12.175.7.130,STCFI,GuestTek,GuestTek,LSP-Guest-Tek <LSP-Guest-Tek@marriottonline.onmicrosoft.com>
SPAWE,12.232.137.2,SPAWE,GuestTek,GuestTek,LSP-Guest-Tek <LSP-Guest-Tek@marriottonline.onmicrosoft.com>
SPISH,12.175.7.162,SPISH,GuestTek,GuestTek,LSP-Guest-Tek <LSP-Guest-Tek@marriottonline.onmicrosoft.com>
STLWP,66.172.203.220,STLWP,GuestTek,GuestTek,LSP-Guest-Tek <LSP-Guest-Tek@marriottonline.onmicrosoft.com>
TRXFI,64.207.235.131,TRXFI,GuestTek,GuestTek,LSP-Guest-Tek <LSP-Guest-Tek@marriottonline.onmicrosoft.com>
TUSAD,72.47.16.130,TUSAD,GuestTek,GuestTek,LSP-Guest-Tek <LSP-Guest-Tek@marriottonline.onmicrosoft.com>
TYRSL,24.97.190.132,TYRSL,GuestTek,GuestTek,LSP-Guest-Tek <LSP-Guest-Tek@marriottonline.onmicrosoft.com>
WASGO,216.36.22.93,WASGO,GuestTek,GuestTek,LSP-Guest-Tek <LSP-Guest-Tek@marriottonline.onmicrosoft.com>
YGKRI,71.7.183.245,YGKRI,GuestTek,GuestTek,LSP-Guest-Tek <LSP-Guest-Tek@marriottonline.onmicrosoft.com>
YHZCY,76.11.6.186,YHZCY,GuestTek,GuestTek,LSP-Guest-Tek <LSP-Guest-Tek@marriottonline.onmicrosoft.com>
YHZRI,64.141.77.34,YHZRI,GuestTek,GuestTek,LSP-Guest-Tek <LSP-Guest-Tek@marriottonline.onmicrosoft.com>
YQLFI,207.179.142.4,YQLFI,GuestTek,GuestTek,LSP-Guest-Tek <LSP-Guest-Tek@marriottonline.onmicrosoft.com>
YULHY,64.251.70.126,YULHY,GuestTek,GuestTek,LSP-Guest-Tek <LSP-Guest-Tek@marriottonline.onmicrosoft.com>
YYTCY,69.17.174.105,YYTCY,GuestTek,GuestTek,LSP-Guest-Tek <LSP-Guest-Tek@marriottonline.onmicrosoft.com>
BNAAL,12.34.111.147,BNAAL,GuestTek,GuestTek,LSP-Guest-Tek <LSP-Guest-Tek@marriottonline.onmicrosoft.com>
IADWF,208.250.66.8,IADWF,GuestTek,GuestTek,LSP-Guest-Tek <LSP-Guest-Tek@marriottonline.onmicrosoft.com>
PSPSR,209.118.130.10,PSPSR,GuestTek,GuestTek,LSP-Guest-Tek <LSP-Guest-Tek@marriottonline.onmicrosoft.com>
DALFM,131.150.68.154,DALFM,GuestTek,GuestTek,LSP-Guest-Tek <LSP-Guest-Tek@marriottonline.onmicrosoft.com>
ANCRI,209.112.153.2,ANCRI,GuestTek,GuestTek,LSP-Guest-Tek <LSP-Guest-Tek@marriottonline.onmicrosoft.com>
EVVCY,131.106.198.115,EVVCY,GuestTek,GuestTek,LSP-Guest-Tek <LSP-Guest-Tek@marriottonline.onmicrosoft.com>
HOUFW,12.200.153.162,HOUFW,GuestTek,GuestTek,LSP-Guest-Tek <LSP-Guest-Tek@marriottonline.onmicrosoft.com>
AUSAL,134.6.226.3,AUSAL,GuestTek,GuestTek,LSP-Guest-Tek <LSP-Guest-Tek@marriottonline.onmicrosoft.com>
BISFI,63.158.236.2,BISFI,GuestTek,GuestTek,LSP-Guest-Tek <LSP-Guest-Tek@marriottonline.onmicrosoft.com>
BISRI,63.232.94.130,BISRI,GuestTek,GuestTek,LSP-Guest-Tek <LSP-Guest-Tek@marriottonline.onmicrosoft.com>
BOSYW,67.132.13.2,BOSYW,GuestTek,GuestTek,LSP-Guest-Tek <LSP-Guest-Tek@marriottonline.onmicrosoft.com>
BWISL,50.204.232.194,BWISL,GuestTek,GuestTek,LSP-Guest-Tek <LSP-Guest-Tek@marriottonline.onmicrosoft.com>
CHICC,12.105.31.198,CHICC,GuestTek,GuestTek,LSP-Guest-Tek <LSP-Guest-Tek@marriottonline.onmicrosoft.com>
CHIIL,12.1.222.66,CHIIL,GuestTek,GuestTek,LSP-Guest-Tek <LSP-Guest-Tek@marriottonline.onmicrosoft.com>
CHSCN,12.36.226.66,CHSCN,GuestTek,GuestTek,LSP-Guest-Tek <LSP-Guest-Tek@marriottonline.onmicrosoft.com>
CMHTH,98.100.91.162,CMHTH,GuestTek,GuestTek,LSP-Guest-Tek <LSP-Guest-Tek@marriottonline.onmicrosoft.com>
CMPDV,50.228.126.2,CMPDV,GuestTek,GuestTek,LSP-Guest-Tek <LSP-Guest-Tek@marriottonline.onmicrosoft.com>
CSGAB,162.218.252.219,CSGAB,GuestTek,GuestTek,LSP-Guest-Tek <LSP-Guest-Tek@marriottonline.onmicrosoft.com>
CVGBC,216.196.183.2,CVGBC,GuestTek,GuestTek,LSP-Guest-Tek <LSP-Guest-Tek@marriottonline.onmicrosoft.com>
DALFP,172.108.152.242,DALFP,GuestTek,GuestTek,LSP-Guest-Tek <LSP-Guest-Tek@marriottonline.onmicrosoft.com>
DALMQ,12.5.168.226,DALMQ,GuestTek,GuestTek,LSP-Guest-Tek <LSP-Guest-Tek@marriottonline.onmicrosoft.com>
DENCH,50.204.17.70,DENCH,GuestTek,GuestTek,LSP-Guest-Tek <LSP-Guest-Tek@marriottonline.onmicrosoft.com>
DMOFI,65.127.255.194,DMOFI,GuestTek,GuestTek,LSP-Guest-Tek <LSP-Guest-Tek@marriottonline.onmicrosoft.com>
DTTRH,12.33.55.10,DTTRH,GuestTek,GuestTek,LSP-Guest-Tek <LSP-Guest-Tek@marriottonline.onmicrosoft.com>
DTWYC,12.168.29.2,DTWYC,GuestTek,GuestTek,LSP-Guest-Tek <LSP-Guest-Tek@marriottonline.onmicrosoft.com>
FSDRI,207.108.30.66,FSDRI,GuestTek,GuestTek,LSP-Guest-Tek <LSP-Guest-Tek@marriottonline.onmicrosoft.com>
FSDSF,207.108.30.130,FSDSF,GuestTek,GuestTek,LSP-Guest-Tek <LSP-Guest-Tek@marriottonline.onmicrosoft.com>
GRRRI,12.2.86.66,GRRRI,GuestTek,GuestTek,LSP-Guest-Tek <LSP-Guest-Tek@marriottonline.onmicrosoft.com>
GRRSL,12.34.33.226,GRRSL,GuestTek,GuestTek,LSP-Guest-Tek <LSP-Guest-Tek@marriottonline.onmicrosoft.com>
GSOGW,70.60.224.120,GSOGW,GuestTek,GuestTek,LSP-Guest-Tek <LSP-Guest-Tek@marriottonline.onmicrosoft.com>
HSVAL,143.59.206.84,HSVAL,GuestTek,GuestTek,LSP-Guest-Tek <LSP-Guest-Tek@marriottonline.onmicrosoft.com>
HZLFI,24.229.88.141,HZLFI,GuestTek,GuestTek,LSP-Guest-Tek <LSP-Guest-Tek@marriottonline.onmicrosoft.com>
ICTTE,12.199.11.98,ICTTE,GuestTek,GuestTek,LSP-Guest-Tek <LSP-Guest-Tek@marriottonline.onmicrosoft.com>
DXBGC,5.195.11.0,DXBGC,GuestTek,GuestTek,LSP-Guest-Tek <LSP-Guest-Tek@marriottonline.onmicrosoft.com>
DOHXR,78.100.140.120,DOHXR,GuestTek,GuestTek,LSP-Guest-Tek <LSP-Guest-Tek@marriottonline.onmicrosoft.com>
PFO40,213.7.210.56,PFO40,GuestTek,GuestTek,LSP-Guest-Tek <LSP-Guest-Tek@marriottonline.onmicrosoft.com>
FJRMD,83.111.150.40,FJRMD,GuestTek,GuestTek,LSP-Guest-Tek <LSP-Guest-Tek@marriottonline.onmicrosoft.com>
ANCCY,216.67.99.37,ANCCY,GuestTek,GuestTek,LSP-Guest-Tek <LSP-Guest-Tek@marriottonline.onmicrosoft.com>
ANCSH,216.67.99.19,ANCSH,GuestTek,GuestTek,LSP-Guest-Tek <LSP-Guest-Tek@marriottonline.onmicrosoft.com>
CYMFP,50.237.141.20,CYMFP,GuestTek,GuestTek,LSP-Guest-Tek <LSP-Guest-Tek@marriottonline.onmicrosoft.com>
DFWCA,65.117.148.58,DFWCA,GuestTek,GuestTek,LSP-Guest-Tek <LSP-Guest-Tek@marriottonline.onmicrosoft.com>
ERISH,98.100.28.226,ERISH,GuestTek,GuestTek,LSP-Guest-Tek <LSP-Guest-Tek@marriottonline.onmicrosoft.com>
EWRSE,65.216.222.132,EWRSE,GuestTek,GuestTek,LSP-Guest-Tek <LSP-Guest-Tek@marriottonline.onmicrosoft.com>
FLLFD,12.38.104.51,FLLFD,GuestTek,GuestTek,LSP-Guest-Tek <LSP-Guest-Tek@marriottonline.onmicrosoft.com>
FYVFA,99.11.64.225,FYVFA,GuestTek,GuestTek,LSP-Guest-Tek <LSP-Guest-Tek@marriottonline.onmicrosoft.com>
CAISI,41.33.48.186,CAISI,GuestTek,GuestTek,LSP-Guest-Tek <LSP-Guest-Tek@marriottonline.onmicrosoft.com>
BAHER,87.252.101.132,BAHER,GuestTek,GuestTek,LSP-Guest-Tek <LSP-Guest-Tek@marriottonline.onmicrosoft.com>
BAHRI,87.252.101.147,BAHRI,GuestTek,GuestTek,LSP-Guest-Tek <LSP-Guest-Tek@marriottonline.onmicrosoft.com>
CAIWI,82.129.137.212,CAIWI,GuestTek,GuestTek,LSP-Guest-Tek <LSP-Guest-Tek@marriottonline.onmicrosoft.com>
YYCWA,74.3.191.100,YYCWA,GuestTek,GuestTek,LSP-Guest-Tek <LSP-Guest-Tek@marriottonline.onmicrosoft.com>
ROCFG,69.193.93.100,ROCFG,GuestTek,GuestTek,LSP-Guest-Tek <LSP-Guest-Tek@marriottonline.onmicrosoft.com>
ROCFI,69.193.93.170,ROCFI,GuestTek,GuestTek,LSP-Guest-Tek <LSP-Guest-Tek@marriottonline.onmicrosoft.com>
SANCB,12.36.36.155,SANCB,GuestTek,GuestTek,LSP-Guest-Tek <LSP-Guest-Tek@marriottonline.onmicrosoft.com>
TULTD,98.164.35.108,TULTD,GuestTek,GuestTek,LSP-Guest-Tek <LSP-Guest-Tek@marriottonline.onmicrosoft.com>
SATAP,65.59.243.15,SATAP,GuestTek,GuestTek,LSP-Guest-Tek <LSP-Guest-Tek@marriottonline.onmicrosoft.com>
TPLFI,12.5.150.35,TPLFI,GuestTek,GuestTek,LSP-Guest-Tek <LSP-Guest-Tek@marriottonline.onmicrosoft.com>
BWISU,50.169.40.50,BWISU,GuestTek,GuestTek,LSP-Guest-Tek <LSP-Guest-Tek@marriottonline.onmicrosoft.com>
CHIKK,12.33.175.163,CHIKK,GuestTek,GuestTek,LSP-Guest-Tek <LSP-Guest-Tek@marriottonline.onmicrosoft.com>
LEXKE,64.190.242.50,LEXKE,GuestTek,GuestTek,LSP-Guest-Tek <LSP-Guest-Tek@marriottonline.onmicrosoft.com>
DTWFY,12.14.37.34,DTWFY,GuestTek,GuestTek,LSP-Guest-Tek <LSP-Guest-Tek@marriottonline.onmicrosoft.com>
YYZRU,69.17.174.67,YYZRU,GuestTek,GuestTek,LSP-Guest-Tek <LSP-Guest-Tek@marriottonline.onmicrosoft.com>
YGKFI,50.115.181.51,YGKFI,GuestTek,GuestTek,LSP-Guest-Tek <LSP-Guest-Tek@marriottonline.onmicrosoft.com>
MKEFW,12.149.165.130,MKEFW,GuestTek,GuestTek,LSP-Guest-Tek <LSP-Guest-Tek@marriottonline.onmicrosoft.com>
TPASH,209.155.221.195,TPASH,GuestTek,GuestTek,LSP-Guest-Tek <LSP-Guest-Tek@marriottonline.onmicrosoft.com>
MWDFI,12.110.242.194,MWDFI,GuestTek,GuestTek,LSP-Guest-Tek <LSP-Guest-Tek@marriottonline.onmicrosoft.com>
SATCD,65.59.243.2,SATCD,GuestTek,GuestTek,LSP-Guest-Tek <LSP-Guest-Tek@marriottonline.onmicrosoft.com>
JEDFP,5.42.246.226,JEDFP,Hoist Group,Hoist Group,Nicolas Delaporte <nicolas.delaporte@hoistgroup.com>;
CPTNW,105.28.113.221,CPTNW,Hoist Group,Hoist Group,Nicolas Delaporte <nicolas.delaporte@hoistgroup.com>;
VLCAK,195.235.104.212,VLCAK,Hoist Group,Hoist Group,Nicolas Delaporte <nicolas.delaporte@hoistgroup.com>;
AMSCA,85.146.217.174,AMSCA,Hoist Group,Hoist Group,Nicolas Delaporte <nicolas.delaporte@hoistgroup.com>;
LGWCY,193.115.219.44,LGWCY,Hoist Group,Hoist Group,Nicolas Delaporte <nicolas.delaporte@hoistgroup.com>;
LONBD,167.98.43.54,LONBD,Hoist Group,Hoist Group,Nicolas Delaporte <nicolas.delaporte@hoistgroup.com>;
KUNOX,88.216.176.103,KUNOX,Hoist Group,Hoist Group,Nicolas Delaporte <nicolas.delaporte@hoistgroup.com>;
CPTAR,105.28.119.208,CPTAR,Hoist Group,Hoist Group,Nicolas Delaporte <nicolas.delaporte@hoistgroup.com>;
JNBOR,105.28.103.162,JNBOR,Hoist Group,Hoist Group,Nicolas Delaporte <nicolas.delaporte@hoistgroup.com>;
LHRHR,167.98.10.27,LHRHR,Hoist Group,Hoist Group,Nicolas Delaporte <nicolas.delaporte@hoistgroup.com>;
MRSAR,37.71.255.132,MRSAR,Hoist Group,Hoist Group,Nicolas Delaporte <nicolas.delaporte@hoistgroup.com>;
PARTX,109.7.64.19,PARTX,Hoist Group,Hoist Group,Nicolas Delaporte <nicolas.delaporte@hoistgroup.com>;
MANAQ,213.106.181.179,MANAQ,Hoist Group,Hoist Group,Nicolas Delaporte <nicolas.delaporte@hoistgroup.com>;
JEDSI,77.221.113.198,JEDSI,Hoist Group,Hoist Group,Nicolas Delaporte <nicolas.delaporte@hoistgroup.com>;
PARCC,46.193.104.230,PARCC,Hoist Group,Hoist Group,Nicolas Delaporte <nicolas.delaporte@hoistgroup.com>;
AUHMD,83.111.62.18,AUHMD,Hoist Group,Hoist Group,Nicolas Delaporte <nicolas.delaporte@hoistgroup.com>;
DXBLV,151.253.54.61,DXBLV,Hoist Group,Hoist Group,Nicolas Delaporte <nicolas.delaporte@hoistgroup.com>;
LONRI,167.98.39.149,LONRI,Hoist Group,Hoist Group,Nicolas Delaporte <nicolas.delaporte@hoistgroup.com>;
GLAOS,167.98.112.2,GLAOS,Hoist Group,Hoist Group,Nicolas Delaporte <nicolas.delaporte@hoistgroup.com>;
DXBAS,151.253.162.219,DXBAS,Hoist Group,Hoist Group,Nicolas Delaporte <nicolas.delaporte@hoistgroup.com>;
LONWH,167.98.244.83,LONWH,Hoist Group,Hoist Group,Nicolas Delaporte <nicolas.delaporte@hoistgroup.com>;
ISTGS,176.88.174.66,ISTGS,Hoist Group,Hoist Group,Nicolas Delaporte <nicolas.delaporte@hoistgroup.com>;
ALCMM,195.55.206.131,ALCMM,Hoist Group,Hoist Group,Nicolas Delaporte <nicolas.delaporte@hoistgroup.com>;
QQYOX,167.98.167.116,QQYOX,Hoist Group,Hoist Group,Nicolas Delaporte <nicolas.delaporte@hoistgroup.com>;
MBDPR,165.165.144.252,MBDPR,Hoist Group,Hoist Group,Nicolas Delaporte <nicolas.delaporte@hoistgroup.com>;
DXBTP,151.253.0.171,DXBTP,Hoist Group,Hoist Group,Nicolas Delaporte <nicolas.delaporte@hoistgroup.com>;
JNBER,41.170.79.7,JNBER,Hoist Group,Hoist Group,Nicolas Delaporte <nicolas.delaporte@hoistgroup.com>;
PARBE,37.71.143.170,PARBE,Hoist Group,Hoist Group,Nicolas Delaporte <nicolas.delaporte@hoistgroup.com>;
PARST,46.218.58.222,PARST,Hoist Group,Hoist Group,Nicolas Delaporte <nicolas.delaporte@hoistgroup.com>;
ATHOX,31.16.114.70,ATHOX,Hoist Group,Hoist Group,Nicolas Delaporte <nicolas.delaporte@hoistgroup.com>;
TUNMC,213.150.188.194,TUNMC,Hoist Group,Hoist Group,Nicolas Delaporte <nicolas.delaporte@hoistgroup.com>;
MIAMS,134.204.37.117,MIAMS,HotSpot International,HotSpot International,Gavian Gough <ggough@paritysolutions.com>; Gressya Reyes <gressya.reyes@hotspotinternational.com>
LAXCV,12.172.110.85,LAXCV,HotSpot International,HotSpot International,Gavian Gough <ggough@paritysolutions.com>; Gressya Reyes <gressya.reyes@hotspotinternational.com>
LAXFR,66.214.145.126,LAXFR,HotSpot International,HotSpot International,Gavian Gough <ggough@paritysolutions.com>; Gressya Reyes <gressya.reyes@hotspotinternational.com>
NYCQL,40.129.123.99,NYCQL,HotSpot International,HotSpot International,Gavian Gough <ggough@paritysolutions.com>; Gressya Reyes <gressya.reyes@hotspotinternational.com>
SANSD,70.168.58.170,SANSD,HotSpot International,HotSpot International,Gavian Gough <ggough@paritysolutions.com>; Gressya Reyes <gressya.reyes@hotspotinternational.com>
ALBFW,184.74.85.150,ALBFW,HotSpot International,HotSpot International,Gavian Gough <ggough@paritysolutions.com>; Gressya Reyes <gressya.reyes@hotspotinternational.com>
ALBTX,24.105.198.213,ALBTX,HotSpot International,HotSpot International,Gavian Gough <ggough@paritysolutions.com>; Gressya Reyes <gressya.reyes@hotspotinternational.com>
ATLCR,24.49.145.67,ATLCR,HotSpot International,HotSpot International,Gavian Gough <ggough@paritysolutions.com>; Gressya Reyes <gressya.reyes@hotspotinternational.com>
ATLMD,12.138.118.254,ATLMD,HotSpot International,HotSpot International,Gavian Gough <ggough@paritysolutions.com>; Gressya Reyes <gressya.reyes@hotspotinternational.com>
BDLDT,104.226.20.123,BDLDT,HotSpot International,HotSpot International,Gavian Gough <ggough@paritysolutions.com>; Gressya Reyes <gressya.reyes@hotspotinternational.com>
BDLCW,50.200.238.110,BDLCW,HotSpot International,HotSpot International,Gavian Gough <ggough@paritysolutions.com>; Gressya Reyes <gressya.reyes@hotspotinternational.com>
BDLHO,50.226.130.190,BDLHO,HotSpot International,HotSpot International,Gavian Gough <ggough@paritysolutions.com>; Gressya Reyes <gressya.reyes@hotspotinternational.com>
BDLSI,174.77.115.233,BDLSI,HotSpot International,HotSpot International,Gavian Gough <ggough@paritysolutions.com>; Gressya Reyes <gressya.reyes@hotspotinternational.com>
BMGCF,50.236.89.158,BMGCF,HotSpot International,HotSpot International,Gavian Gough <ggough@paritysolutions.com>; Gressya Reyes <gressya.reyes@hotspotinternational.com>
BWIDI,192.210.28.133,BWIDI,HotSpot International,HotSpot International,Gavian Gough <ggough@paritysolutions.com>; Gressya Reyes <gressya.reyes@hotspotinternational.com>
BWILS,206.136.105.30,BWILS,HotSpot International,HotSpot International,Gavian Gough <ggough@paritysolutions.com>; Gressya Reyes <gressya.reyes@hotspotinternational.com>
CAEAL,98.101.184.158,CAEAL,HotSpot International,HotSpot International,Gavian Gough <ggough@paritysolutions.com>; Gressya Reyes <gressya.reyes@hotspotinternational.com>
CDWTS,50.239.227.190,CDWTS,HotSpot International,HotSpot International,Gavian Gough <ggough@paritysolutions.com>; Gressya Reyes <gressya.reyes@hotspotinternational.com>
CIDCR,74.84.124.231,CIDCR,HotSpot International,HotSpot International,Gavian Gough <ggough@paritysolutions.com>; Gressya Reyes <gressya.reyes@hotspotinternational.com>
CMHCG,216.70.44.84,CMHCG,HotSpot International,HotSpot International,Gavian Gough <ggough@paritysolutions.com>; Gressya Reyes <gressya.reyes@hotspotinternational.com>
CMHFG,12.132.134.236,CMHFG,HotSpot International,HotSpot International,Gavian Gough <ggough@paritysolutions.com>; Gressya Reyes <gressya.reyes@hotspotinternational.com>
DALGV,97.77.89.158,DALGV,HotSpot International,HotSpot International,Gavian Gough <ggough@paritysolutions.com>; Gressya Reyes <gressya.reyes@hotspotinternational.com>
DALSW,71.15.116.126,DALSW,HotSpot International,HotSpot International,Gavian Gough <ggough@paritysolutions.com>; Gressya Reyes <gressya.reyes@hotspotinternational.com>
DFWDE,131.150.74.126,DFWDE,HotSpot International,HotSpot International,Gavian Gough <ggough@paritysolutions.com>; Gressya Reyes <gressya.reyes@hotspotinternational.com>
DFWDN,75.140.228.78,DFWDN,HotSpot International,HotSpot International,Gavian Gough <ggough@paritysolutions.com>; Gressya Reyes <gressya.reyes@hotspotinternational.com>
DFWFI,128.92.217.78,DFWFI,HotSpot International,HotSpot International,Gavian Gough <ggough@paritysolutions.com>; Gressya Reyes <gressya.reyes@hotspotinternational.com>
DTWMB,50.201.51.212,DTWMB,HotSpot International,HotSpot International,Gavian Gough <ggough@paritysolutions.com>; Gressya Reyes <gressya.reyes@hotspotinternational.com>
FNTFG,50.227.60.70,FNTFG,HotSpot International,HotSpot International,Gavian Gough <ggough@paritysolutions.com>; Gressya Reyes <gressya.reyes@hotspotinternational.com>
FLLFP,24.145.78.244,FLLFP,HotSpot International,HotSpot International,Gavian Gough <ggough@paritysolutions.com>; Gressya Reyes <gressya.reyes@hotspotinternational.com>
FWASW,184.17.61.58,FWASW,HotSpot International,HotSpot International,Gavian Gough <ggough@paritysolutions.com>; Gressya Reyes <gressya.reyes@hotspotinternational.com>
GSONC,12.53.251.10,GSONC,HotSpot International,HotSpot International,Gavian Gough <ggough@paritysolutions.com>; Gressya Reyes <gressya.reyes@hotspotinternational.com>
HGRMB,50.239.20.4,HGRMB,HotSpot International,HotSpot International,Gavian Gough <ggough@paritysolutions.com>; Gressya Reyes <gressya.reyes@hotspotinternational.com>
HGRSC,63.145.207.30,HGRSC,HotSpot International,HotSpot International,Gavian Gough <ggough@paritysolutions.com>; Gressya Reyes <gressya.reyes@hotspotinternational.com>
HOUTB,50.227.246.142,HOUTB,HotSpot International,HotSpot International,Gavian Gough <ggough@paritysolutions.com>; Gressya Reyes <gressya.reyes@hotspotinternational.com>
ILGWD,151.181.230.30,ILGWD,HotSpot International,HotSpot International,Gavian Gough <ggough@paritysolutions.com>; Gressya Reyes <gressya.reyes@hotspotinternational.com>
ILGTS,50.77.81.125,ILGTS,HotSpot International,HotSpot International,Gavian Gough <ggough@paritysolutions.com>; Gressya Reyes <gressya.reyes@hotspotinternational.com>
INDDE,50.239.108.30,INDDE,HotSpot International,HotSpot International,Gavian Gough <ggough@paritysolutions.com>; Gressya Reyes <gressya.reyes@hotspotinternational.com>
LBESS,50.237.25.222,LBESS,HotSpot International,HotSpot International,Gavian Gough <ggough@paritysolutions.com>; Gressya Reyes <gressya.reyes@hotspotinternational.com>
MCIKS,40.141.128.254,MCIKS,HotSpot International,HotSpot International,Gavian Gough <ggough@paritysolutions.com>; Gressya Reyes <gressya.reyes@hotspotinternational.com>
MCISR,40.141.128.246,MCISR,HotSpot International,HotSpot International,Gavian Gough <ggough@paritysolutions.com>; Gressya Reyes <gressya.reyes@hotspotinternational.com>
MEITX,142.190.4.94,MEITX,HotSpot International,HotSpot International,Gavian Gough <ggough@paritysolutions.com>; Gressya Reyes <gressya.reyes@hotspotinternational.com>
MRYSH,50.225.143.226,MRYSH,HotSpot International,HotSpot International,Gavian Gough <ggough@paritysolutions.com>; Gressya Reyes <gressya.reyes@hotspotinternational.com>
NYCFT,68.233.183.94,NYCFT,HotSpot International,HotSpot International,Gavian Gough <ggough@paritysolutions.com>; Gressya Reyes <gressya.reyes@hotspotinternational.com>
NYCLR,172.254.56.190,NYCLR,HotSpot International,HotSpot International,Gavian Gough <ggough@paritysolutions.com>; Gressya Reyes <gressya.reyes@hotspotinternational.com>
NYCSK,198.179.70.110,NYCSK,HotSpot International,HotSpot International,Gavian Gough <ggough@paritysolutions.com>; Gressya Reyes <gressya.reyes@hotspotinternational.com>
OAKFI,50.239.62.154,OAKFI,HotSpot International,HotSpot International,Gavian Gough <ggough@paritysolutions.com>; Gressya Reyes <gressya.reyes@hotspotinternational.com>
ONTTC,69.75.186.254,ONTTC,HotSpot International,HotSpot International,Gavian Gough <ggough@paritysolutions.com>; Gressya Reyes <gressya.reyes@hotspotinternational.com>
PBGFI,72.22.6.126,PBGFI,HotSpot International,HotSpot International,Gavian Gough <ggough@paritysolutions.com>; Gressya Reyes <gressya.reyes@hotspotinternational.com>
PHLCN,50.228.127.131,PHLCN,HotSpot International,HotSpot International,Gavian Gough <ggough@paritysolutions.com>; Gressya Reyes <gressya.reyes@hotspotinternational.com>
PHLCV,206.136.82.238,PHLCV,HotSpot International,HotSpot International,Gavian Gough <ggough@paritysolutions.com>; Gressya Reyes <gressya.reyes@hotspotinternational.com>
PNSOR,69.85.218.158,PNSOR,HotSpot International,HotSpot International,Gavian Gough <ggough@paritysolutions.com>; Gressya Reyes <gressya.reyes@hotspotinternational.com>
ROCFB,24.213.244.62,ROCFB,HotSpot International,HotSpot International,Gavian Gough <ggough@paritysolutions.com>; Gressya Reyes <gressya.reyes@hotspotinternational.com>
SAFCY,50.238.160.222,SAFCY,HotSpot International,HotSpot International,Gavian Gough <ggough@paritysolutions.com>; Gressya Reyes <gressya.reyes@hotspotinternational.com>
SANCD,12.0.118.110,SANCD,HotSpot International,HotSpot International,Gavian Gough <ggough@paritysolutions.com>; Gressya Reyes <gressya.reyes@hotspotinternational.com>
SBNCB,50.237.8.30,SBNCB,HotSpot International,HotSpot International,Gavian Gough <ggough@paritysolutions.com>; Gressya Reyes <gressya.reyes@hotspotinternational.com>
SBNSD,50.225.245.200,SBNSD,HotSpot International,HotSpot International,Gavian Gough <ggough@paritysolutions.com>; Gressya Reyes <gressya.reyes@hotspotinternational.com>
SFOAK,12.51.135.28,SFOAK,HotSpot International,HotSpot International,Gavian Gough <ggough@paritysolutions.com>; Gressya Reyes <gressya.reyes@hotspotinternational.com>
SLCFM,63.78.215.21,SLCFM,HotSpot International,HotSpot International,Gavian Gough <ggough@paritysolutions.com>; Gressya Reyes <gressya.reyes@hotspotinternational.com>
SLCSW,104.244.87.226,SLCSW,HotSpot International,HotSpot International,Gavian Gough <ggough@paritysolutions.com>; Gressya Reyes <gressya.reyes@hotspotinternational.com>
TOLBG,147.0.240.190,TOLBG,HotSpot International,HotSpot International,Gavian Gough <ggough@paritysolutions.com>; Gressya Reyes <gressya.reyes@hotspotinternational.com>
WASPS,50.228.127.229,WASPS,HotSpot International,HotSpot International,Gavian Gough <ggough@paritysolutions.com>; Gressya Reyes <gressya.reyes@hotspotinternational.com>
WCTNW,98.6.81.94,WCTNW,HotSpot International,HotSpot International,Gavian Gough <ggough@paritysolutions.com>; Gressya Reyes <gressya.reyes@hotspotinternational.com>
YULAL,207.35.220.221,YULAL,HotSpot International,HotSpot International,Gavian Gough <ggough@paritysolutions.com>; Gressya Reyes <gressya.reyes@hotspotinternational.com>
YQRDR,207.195.91.94,YQRDR,HotSpot International,HotSpot International,Gavian Gough <ggough@paritysolutions.com>; Gressya Reyes <gressya.reyes@hotspotinternational.com>
LAXDB,192.210.29.180,LAXDB,HotSpot International,HotSpot International,Gavian Gough <ggough@paritysolutions.com>; Gressya Reyes <gressya.reyes@hotspotinternational.com>
,,,,LinkBroad,stephen.shi <stephen.shi@linkbroad.com>; digger.wu@linkbroad.com
DPSSK,114.129.18.5,DPSSK,Microsense,Microsense,Balbeer Singh <bsingh@microsensenetworks.com> ; mailto:imran@microsensenetworks.com; mailto:sanjoy.d@microsensenetworks.com
GOIVM,103.97.92.245,GOIVM,Microsense,Microsense,Balbeer Singh <bsingh@microsensenetworks.com> ; mailto:imran@microsensenetworks.com; mailto:sanjoy.d@microsensenetworks.com
BUDER,86.101.159.1,BUDER,Mikenopa,Mikenopa,Bartosz Puszkiewicz <bartosz.puszkiewicz@mikenopa.com>; Mikenopa Trio <trio@mikenopa.com>; Gisbert Haas <Gisbert.Haas@mikenopa.com>
DUBAL,81.173.12.252,DUBAL,Mikenopa,Mikenopa,Bartosz Puszkiewicz <bartosz.puszkiewicz@mikenopa.com>; Mikenopa Trio <trio@mikenopa.com>; Gisbert Haas <Gisbert.Haas@mikenopa.com>
BERAC,217.27.204.174,BERAC,Mikenopa,Mikenopa,Bartosz Puszkiewicz <bartosz.puszkiewicz@mikenopa.com>; Mikenopa Trio <trio@mikenopa.com>; Gisbert Haas <Gisbert.Haas@mikenopa.com>
ALARZ,188.0.136.163,ALARZ,Mikenopa,Mikenopa,Bartosz Puszkiewicz <bartosz.puszkiewicz@mikenopa.com>; Mikenopa Trio <trio@mikenopa.com>; Gisbert Haas <Gisbert.Haas@mikenopa.com>
ADBBR,176.235.244.157,ADBBR,Mikenopa,Mikenopa,Bartosz Puszkiewicz <bartosz.puszkiewicz@mikenopa.com>; Mikenopa Trio <trio@mikenopa.com>; Gisbert Haas <Gisbert.Haas@mikenopa.com>
LYSOX,85.184.70.172,LYSOX,Mikenopa,Mikenopa,Bartosz Puszkiewicz <bartosz.puszkiewicz@mikenopa.com>; Mikenopa Trio <trio@mikenopa.com>; Gisbert Haas <Gisbert.Haas@mikenopa.com>
RTMTX,85.146.236.144,RTMTX,Mikenopa,Mikenopa,Bartosz Puszkiewicz <bartosz.puszkiewicz@mikenopa.com>; Mikenopa Trio <trio@mikenopa.com>; Gisbert Haas <Gisbert.Haas@mikenopa.com>
LONHW,167.98.166.82,LONHW,Mikenopa,Mikenopa,Bartosz Puszkiewicz <bartosz.puszkiewicz@mikenopa.com>; Mikenopa Trio <trio@mikenopa.com>; Gisbert Haas <Gisbert.Haas@mikenopa.com>
LNZCY,83.164.154.100,LNZCY,Mikenopa,Mikenopa,Bartosz Puszkiewicz <bartosz.puszkiewicz@mikenopa.com>; Mikenopa Trio <trio@mikenopa.com>; Gisbert Haas <Gisbert.Haas@mikenopa.com>
LONTW,167.98.11.0,LONTW,Mikenopa,Mikenopa,Bartosz Puszkiewicz <bartosz.puszkiewicz@mikenopa.com>; Mikenopa Trio <trio@mikenopa.com>; Gisbert Haas <Gisbert.Haas@mikenopa.com>
BCNSU,80.28.245.149,BCNSU,Mikenopa,Mikenopa,Bartosz Puszkiewicz <bartosz.puszkiewicz@mikenopa.com>; Mikenopa Trio <trio@mikenopa.com>; Gisbert Haas <Gisbert.Haas@mikenopa.com>
KLXLC,62.74.250.120,KLXLC,Mikenopa,Mikenopa,Bartosz Puszkiewicz <bartosz.puszkiewicz@mikenopa.com>; Mikenopa Trio <trio@mikenopa.com>; Gisbert Haas <Gisbert.Haas@mikenopa.com>
PARAC,46.218.2.101,PARAC,Mikenopa,Mikenopa,Bartosz Puszkiewicz <bartosz.puszkiewicz@mikenopa.com>; Mikenopa Trio <trio@mikenopa.com>; Gisbert Haas <Gisbert.Haas@mikenopa.com>
BRUER,194.78.224.66,BRUER,Mikenopa,Mikenopa,Bartosz Puszkiewicz <bartosz.puszkiewicz@mikenopa.com>; Mikenopa Trio <trio@mikenopa.com>; Gisbert Haas <Gisbert.Haas@mikenopa.com>
HELAK,79.134.115.38,HELAK,Mikenopa,Mikenopa,Bartosz Puszkiewicz <bartosz.puszkiewicz@mikenopa.com>; Mikenopa Trio <trio@mikenopa.com>; Gisbert Haas <Gisbert.Haas@mikenopa.com>
HHNAK,5.45.1.244,HHNAK,Mikenopa,Mikenopa,Bartosz Puszkiewicz <bartosz.puszkiewicz@mikenopa.com>; Mikenopa Trio <trio@mikenopa.com>; Gisbert Haas <Gisbert.Haas@mikenopa.com>
MLAMC,194.158.52.142,MLAMC,Mikenopa,Mikenopa,Bartosz Puszkiewicz <bartosz.puszkiewicz@mikenopa.com>; Mikenopa Trio <trio@mikenopa.com>; Gisbert Haas <Gisbert.Haas@mikenopa.com>
NCEAC,46.218.68.246,NCEAC,Mikenopa,Mikenopa,Bartosz Puszkiewicz <bartosz.puszkiewicz@mikenopa.com>; Mikenopa Trio <trio@mikenopa.com>; Gisbert Haas <Gisbert.Haas@mikenopa.com>
FRADE,62.157.211.18,FRADE,Mikenopa,Mikenopa,Bartosz Puszkiewicz <bartosz.puszkiewicz@mikenopa.com>; Mikenopa Trio <trio@mikenopa.com>; Gisbert Haas <Gisbert.Haas@mikenopa.com>
BVAOX,212.106.113.12,BVAOX,Mikenopa,Mikenopa,Bartosz Puszkiewicz <bartosz.puszkiewicz@mikenopa.com>; Mikenopa Trio <trio@mikenopa.com>; Gisbert Haas <Gisbert.Haas@mikenopa.com>
POZOX,217.97.158.58,POZOX,Mikenopa,Mikenopa,Bartosz Puszkiewicz <bartosz.puszkiewicz@mikenopa.com>; Mikenopa Trio <trio@mikenopa.com>; Gisbert Haas <Gisbert.Haas@mikenopa.com>
TSEXR,85.29.134.216,TSEXR,Mikenopa,Mikenopa,Bartosz Puszkiewicz <bartosz.puszkiewicz@mikenopa.com>; Mikenopa Trio <trio@mikenopa.com>; Gisbert Haas <Gisbert.Haas@mikenopa.com>
PRGCY,89.24.97.133,PRGCY,Mikenopa,Mikenopa,Bartosz Puszkiewicz <bartosz.puszkiewicz@mikenopa.com>; Mikenopa Trio <trio@mikenopa.com>; Gisbert Haas <Gisbert.Haas@mikenopa.com>
WAWFP,178.73.4.88,WAWFP,Mikenopa,Mikenopa,Bartosz Puszkiewicz <bartosz.puszkiewicz@mikenopa.com>; Mikenopa Trio <trio@mikenopa.com>; Gisbert Haas <Gisbert.Haas@mikenopa.com>
TBSMC,2.57.219.247,TBSMC,Mikenopa,Mikenopa,Bartosz Puszkiewicz <bartosz.puszkiewicz@mikenopa.com>; Mikenopa Trio <trio@mikenopa.com>; Gisbert Haas <Gisbert.Haas@mikenopa.com>
WAWWI,37.128.98.192,WAWWI,Mikenopa,Mikenopa,Bartosz Puszkiewicz <bartosz.puszkiewicz@mikenopa.com>; Mikenopa Trio <trio@mikenopa.com>; Gisbert Haas <Gisbert.Haas@mikenopa.com>
PARSD,37.71.5.122,PARSD,Mikenopa,Mikenopa,Bartosz Puszkiewicz <bartosz.puszkiewicz@mikenopa.com>; Mikenopa Trio <trio@mikenopa.com>; Gisbert Haas <Gisbert.Haas@mikenopa.com>
VCEVM,2.33.78.9,VCEVM,Mikenopa,Mikenopa,Bartosz Puszkiewicz <bartosz.puszkiewicz@mikenopa.com>; Mikenopa Trio <trio@mikenopa.com>; Gisbert Haas <Gisbert.Haas@mikenopa.com>
ABZRI,167.98.54.183,ABZRI,Mikenopa,Mikenopa,Bartosz Puszkiewicz <bartosz.puszkiewicz@mikenopa.com>; Mikenopa Trio <trio@mikenopa.com>; Gisbert Haas <Gisbert.Haas@mikenopa.com>
VCEXR,88.42.165.131,VCEXR,Mikenopa,Mikenopa,Bartosz Puszkiewicz <bartosz.puszkiewicz@mikenopa.com>; Mikenopa Trio <trio@mikenopa.com>; Gisbert Haas <Gisbert.Haas@mikenopa.com>
LHRSI,31.221.56.19,LHRSI,Mikenopa,Mikenopa,Bartosz Puszkiewicz <bartosz.puszkiewicz@mikenopa.com>; Mikenopa Trio <trio@mikenopa.com>; Gisbert Haas <Gisbert.Haas@mikenopa.com>
VIESE,213.143.110.100,VIESE,Mikenopa,Mikenopa,Bartosz Puszkiewicz <bartosz.puszkiewicz@mikenopa.com>; Mikenopa Trio <trio@mikenopa.com>; Gisbert Haas <Gisbert.Haas@mikenopa.com>
LBCSC,62.26.108.68,LBCSC,Mikenopa,Mikenopa,Bartosz Puszkiewicz <bartosz.puszkiewicz@mikenopa.com>; Mikenopa Trio <trio@mikenopa.com>; Gisbert Haas <Gisbert.Haas@mikenopa.com>
YEIBG,38.255.88.197,YEIBG,Mikenopa,Mikenopa,Bartosz Puszkiewicz <bartosz.puszkiewicz@mikenopa.com>; Mikenopa Trio <trio@mikenopa.com>; Gisbert Haas <Gisbert.Haas@mikenopa.com>
PARAR,193.163.90.140,PARAR,Mikenopa,Mikenopa,Bartosz Puszkiewicz <bartosz.puszkiewicz@mikenopa.com>; Mikenopa Trio <trio@mikenopa.com>; Gisbert Haas <Gisbert.Haas@mikenopa.com>
PRGWH,197.47.25.34,PRGWH,Mikenopa,Mikenopa,Bartosz Puszkiewicz <bartosz.puszkiewicz@mikenopa.com>; Mikenopa Trio <trio@mikenopa.com>; Gisbert Haas <Gisbert.Haas@mikenopa.com>
AYTLD,91.93.38.206,AYTLD,Mikenopa,Mikenopa,Bartosz Puszkiewicz <bartosz.puszkiewicz@mikenopa.com>; Mikenopa Trio <trio@mikenopa.com>; Gisbert Haas <Gisbert.Haas@mikenopa.com>
MILSS,5.96.34.132,MILSS,Mikenopa,Mikenopa,Bartosz Puszkiewicz <bartosz.puszkiewicz@mikenopa.com>; Mikenopa Trio <trio@mikenopa.com>; Gisbert Haas <Gisbert.Haas@mikenopa.com>
MMJCH,153.156.18.171,MMJCH,NEC,NEC,Hara Kanon <hara.kanon.za@nesic.com>; nesic-mipj@ml.nesic.com; Sakai Masaya <sakai.masaya.za@nesic.com>
MMJFJ,153.156.22.84,MMJFJ,NEC,NEC,Hara Kanon <hara.kanon.za@nesic.com>; nesic-mipj@ml.nesic.com; Sakai Masaya <sakai.masaya.za@nesic.com>
OSAOW,153.246.67.41,OSAOW,NEC,NEC,Hara Kanon <hara.kanon.za@nesic.com>; nesic-mipj@ml.nesic.com; Sakai Masaya <sakai.masaya.za@nesic.com>
TYOEB,125.102.174.53,TYOEB,NEC,NEC,Hara Kanon <hara.kanon.za@nesic.com>; nesic-mipj@ml.nesic.com; Sakai Masaya <sakai.masaya.za@nesic.com>
MXLFI,201.171.250.123,MXLFI,NimbusNetworks,NimbusNetworks,Rene Villalobos <rvillalobos@nimbusnetworks.com>; Rene Villalobos <rvillalobos@nimbusnetworks.com>
PIOLC,200.48.32.163,PIOLC,NimbusNetworks,NimbusNetworks,Rene Villalobos <rvillalobos@nimbusnetworks.com>; Rene Villalobos <rvillalobos@nimbusnetworks.com>
RECPG,187.1.167.148,RECPG,NimbusNetworks,NimbusNetworks,Rene Villalobos <rvillalobos@nimbusnetworks.com>; Rene Villalobos <rvillalobos@nimbusnetworks.com>
DSMCM,206.226.69.34,DSMCM,Parity,,
HPNNB,69.193.159.94,HPNNB,Parity,,
MBSCB,47.44.150.142,MBSCB,Parity,,
PHLMO,38.123.136.147,PHLMO,Parity,,
RMGCY,12.162.192.110,RMGCY,Parity,,
CLELY,74.142.200.94,CLELY,Parity,,
,,,,Parity (Added to hotspot),Gavian Gough <ggough@paritysolutions.com>; Gressya Reyes <gressya.reyes@hotspotinternational.com>
ROMWI,195.110.152.0,ROMWI,Quadriga,Quadriga,"Simon.Streten@quadriga.com; Lilley, James <James.Lilley@quadriga.com>; Narayanan, Anantha <anantha.narayanan@quadriga.com>"
EDIFP,138.248.224.176,EDIFP,Quadriga,Quadriga,"Simon.Streten@quadriga.com; Lilley, James <James.Lilley@quadriga.com>; Narayanan, Anantha <anantha.narayanan@quadriga.com>"
JKTFA,180.178.103.35,JKTFA,Reivernet,Reivernet,Joseph Deo <joseph.deo@reivernet.com>; matt.fenton@reivernet.com; GNOC.Management <gnoc.management@reivernet.com>
AUHRX,94.56.211.161,AUHRX,Reivernet,Reivernet,Joseph Deo <joseph.deo@reivernet.com>; matt.fenton@reivernet.com; GNOC.Management <gnoc.management@reivernet.com>
CXRHT,222.255.146.133,CXRHT,Reivernet,Reivernet,Joseph Deo <joseph.deo@reivernet.com>; matt.fenton@reivernet.com; GNOC.Management <gnoc.management@reivernet.com>
DXBCB,94.56.76.182,DXBCB,Reivernet,Reivernet,Joseph Deo <joseph.deo@reivernet.com>; matt.fenton@reivernet.com; GNOC.Management <gnoc.management@reivernet.com>
DXBDE,2.50.5.242,DXBDE,Reivernet,Reivernet,Joseph Deo <joseph.deo@reivernet.com>; matt.fenton@reivernet.com; GNOC.Management <gnoc.management@reivernet.com>
DXBMB,213.42.94.91,DXBMB,Reivernet,Reivernet,Joseph Deo <joseph.deo@reivernet.com>; matt.fenton@reivernet.com; GNOC.Management <gnoc.management@reivernet.com>
GVAWH,212.243.247.253,GVAWH,Reivernet,Reivernet,Joseph Deo <joseph.deo@reivernet.com>; matt.fenton@reivernet.com; GNOC.Management <gnoc.management@reivernet.com>
HAMRN,176.94.185.194,HAMRN,Reivernet,Reivernet,Joseph Deo <joseph.deo@reivernet.com>; matt.fenton@reivernet.com; GNOC.Management <gnoc.management@reivernet.com>
KCHSI,210.187.46.29,KCHSI,Reivernet,Reivernet,Joseph Deo <joseph.deo@reivernet.com>; matt.fenton@reivernet.com; GNOC.Management <gnoc.management@reivernet.com>
KULCS,103.226.126.230,KULCS,Reivernet,Reivernet,Joseph Deo <joseph.deo@reivernet.com>; matt.fenton@reivernet.com; GNOC.Management <gnoc.management@reivernet.com>
LONCH,167.98.10.52,LONCH,Reivernet,Reivernet,Joseph Deo <joseph.deo@reivernet.com>; matt.fenton@reivernet.com; GNOC.Management <gnoc.management@reivernet.com>
DAYSH,98.102.147.5,DAYSH,SONIFI,SONIFI,LSP-SONIFI <LSP-SONIFI@marriottonline.onmicrosoft.com>
ILECY,8.9.41.116,ILECY,SONIFI,SONIFI,LSP-SONIFI <LSP-SONIFI@marriottonline.onmicrosoft.com>
PHLVO,216.178.65.130,PHLVO,SONIFI,SONIFI,LSP-SONIFI <LSP-SONIFI@marriottonline.onmicrosoft.com>
VELSH,67.213.234.99,VELSH,SONIFI,SONIFI,LSP-SONIFI <LSP-SONIFI@marriottonline.onmicrosoft.com>
VELTS,67.213.230.244,VELTS,SONIFI,SONIFI,LSP-SONIFI <LSP-SONIFI@marriottonline.onmicrosoft.com>
WASWD,50.233.152.2,WASWD,SONIFI,SONIFI,LSP-SONIFI <LSP-SONIFI@marriottonline.onmicrosoft.com>
YNGFS,98.103.62.3,YNGFS,SONIFI,SONIFI,LSP-SONIFI <LSP-SONIFI@marriottonline.onmicrosoft.com>
SANVI,174.77.162.201,SANVI,SONIFI,SONIFI,LSP-SONIFI <LSP-SONIFI@marriottonline.onmicrosoft.com>
NYCET,198.179.68.60,NYCET,SONIFI,SONIFI,LSP-SONIFI <LSP-SONIFI@marriottonline.onmicrosoft.com>
TEBEL,24.38.7.46,TEBEL,SONIFI,SONIFI,LSP-SONIFI <LSP-SONIFI@marriottonline.onmicrosoft.com>
LNKTS,162.210.5.60,LNKTS,SONIFI,SONIFI,LSP-SONIFI <LSP-SONIFI@marriottonline.onmicrosoft.com>
LSEFD,104.201.89.194,LSEFD,SONIFI,SONIFI,LSP-SONIFI <LSP-SONIFI@marriottonline.onmicrosoft.com>
GNVSC,204.134.233.2,GNVSC,SONIFI,SONIFI,LSP-SONIFI <LSP-SONIFI@marriottonline.onmicrosoft.com>
HNMWI,24.43.221.5,HNMWI,SONIFI,SONIFI,LSP-SONIFI <LSP-SONIFI@marriottonline.onmicrosoft.com>
RDUSF,96.10.240.194,RDUSF,SONIFI,SONIFI,LSP-SONIFI <LSP-SONIFI@marriottonline.onmicrosoft.com>
PVDDT,70.169.182.147,PVDDT,SONIFI,SONIFI,LSP-SONIFI <LSP-SONIFI@marriottonline.onmicrosoft.com>
VISVT,12.45.179.138,VISVT,SONIFI,SONIFI,LSP-SONIFI <LSP-SONIFI@marriottonline.onmicrosoft.com>
GRRSH,12.170.86.194,GRRSH,SONIFI,SONIFI,LSP-SONIFI <LSP-SONIFI@marriottonline.onmicrosoft.com>
JAXCA,12.228.48.66,JAXCA,SONIFI,SONIFI,LSP-SONIFI <LSP-SONIFI@marriottonline.onmicrosoft.com>
MKTCY,68.232.230.194,MKTCY,SONIFI,SONIFI,LSP-SONIFI <LSP-SONIFI@marriottonline.onmicrosoft.com>
RDMFI,66.39.161.154,RDMFI,SONIFI,SONIFI,LSP-SONIFI <LSP-SONIFI@marriottonline.onmicrosoft.com>
RDMTS,67.59.65.218,RDMTS,SONIFI,SONIFI,LSP-SONIFI <LSP-SONIFI@marriottonline.onmicrosoft.com>
SJCNO,209.37.255.2,SJCNO,SONIFI,SONIFI,LSP-SONIFI <LSP-SONIFI@marriottonline.onmicrosoft.com>
ALOCL,159.242.49.60,ALOCL,SONIFI,SONIFI,LSP-SONIFI <LSP-SONIFI@marriottonline.onmicrosoft.com>
BMGSH,192.210.25.158,BMGSH,SONIFI,SONIFI,LSP-SONIFI <LSP-SONIFI@marriottonline.onmicrosoft.com>
CHIBG,12.229.169.9,CHIBG,SONIFI,SONIFI,LSP-SONIFI <LSP-SONIFI@marriottonline.onmicrosoft.com>
CIDEL,192.154.14.165,CIDEL,SONIFI,SONIFI,LSP-SONIFI <LSP-SONIFI@marriottonline.onmicrosoft.com>
COSSD,50.223.9.164,COSSD,SONIFI,SONIFI,LSP-SONIFI <LSP-SONIFI@marriottonline.onmicrosoft.com>
DFWMC,12.190.109.162,DFWMC,SONIFI,SONIFI,LSP-SONIFI <LSP-SONIFI@marriottonline.onmicrosoft.com>
DTTTT,12.238.140.7,DTTTT,SONIFI,SONIFI,LSP-SONIFI <LSP-SONIFI@marriottonline.onmicrosoft.com>
DTWRM,144.121.181.75,DTWRM,SONIFI,SONIFI,LSP-SONIFI <LSP-SONIFI@marriottonline.onmicrosoft.com>
FAYSH,65.133.125.243,FAYSH,SONIFI,SONIFI,LSP-SONIFI <LSP-SONIFI@marriottonline.onmicrosoft.com>
FLLMP,134.6.148.131,FLLMP,SONIFI,SONIFI,LSP-SONIFI <LSP-SONIFI@marriottonline.onmicrosoft.com>
GSOAB,96.10.149.34,GSOAB,SONIFI,SONIFI,LSP-SONIFI <LSP-SONIFI@marriottonline.onmicrosoft.com>
GSOGA,97.75.157.2,GSOGA,SONIFI,SONIFI,LSP-SONIFI <LSP-SONIFI@marriottonline.onmicrosoft.com>
HOUST,50.201.74.106,HOUST,SONIFI,SONIFI,LSP-SONIFI <LSP-SONIFI@marriottonline.onmicrosoft.com>
HPNSI,12.68.74.220,HPNSI,SONIFI,SONIFI,LSP-SONIFI <LSP-SONIFI@marriottonline.onmicrosoft.com>
HSVAV,24.246.103.2,HSVAV,SONIFI,SONIFI,LSP-SONIFI <LSP-SONIFI@marriottonline.onmicrosoft.com>
INDSI,98.21.160.188,INDSI,SONIFI,SONIFI,LSP-SONIFI <LSP-SONIFI@marriottonline.onmicrosoft.com>
ISPRH,24.246.100.21,ISPRH,SONIFI,SONIFI,LSP-SONIFI <LSP-SONIFI@marriottonline.onmicrosoft.com>
LASVN,98.185.117.3,LASVN,SONIFI,SONIFI,LSP-SONIFI <LSP-SONIFI@marriottonline.onmicrosoft.com>
LEXRD,147.0.200.34,LEXRD,SONIFI,SONIFI,LSP-SONIFI <LSP-SONIFI@marriottonline.onmicrosoft.com>
MCNTX,12.16.129.108,MCNTX,SONIFI,SONIFI,LSP-SONIFI <LSP-SONIFI@marriottonline.onmicrosoft.com>
MCOWS,65.127.191.10,MCOWS,SONIFI,SONIFI,LSP-SONIFI <LSP-SONIFI@marriottonline.onmicrosoft.com>
MEMRI,12.104.86.235,MEMRI,SONIFI,SONIFI,LSP-SONIFI <LSP-SONIFI@marriottonline.onmicrosoft.com>
MKECY,74.51.18.22,MKECY,SONIFI,SONIFI,LSP-SONIFI <LSP-SONIFI@marriottonline.onmicrosoft.com>
MKETO,12.34.46.2,MKETO,SONIFI,SONIFI,LSP-SONIFI <LSP-SONIFI@marriottonline.onmicrosoft.com>
MLBSC,184.80.40.194,MLBSC,SONIFI,SONIFI,LSP-SONIFI <LSP-SONIFI@marriottonline.onmicrosoft.com>
MMHWI,12.198.59.114,MMHWI,SONIFI,SONIFI,LSP-SONIFI <LSP-SONIFI@marriottonline.onmicrosoft.com>
MOBSP,66.184.144.98,MOBSP,SONIFI,SONIFI,LSP-SONIFI <LSP-SONIFI@marriottonline.onmicrosoft.com>
MTHFI,207.250.171.27,MTHFI,SONIFI,SONIFI,LSP-SONIFI <LSP-SONIFI@marriottonline.onmicrosoft.com>
OAKLM,69.170.44.114,OAKLM,SONIFI,SONIFI,LSP-SONIFI <LSP-SONIFI@marriottonline.onmicrosoft.com>
OKCSI,12.176.122.124,OKCSI,SONIFI,SONIFI,LSP-SONIFI <LSP-SONIFI@marriottonline.onmicrosoft.com>
OMAFD,184.187.12.194,OMAFD,SONIFI,SONIFI,LSP-SONIFI <LSP-SONIFI@marriottonline.onmicrosoft.com>
PGVRI,207.192.225.66,PGVRI,SONIFI,SONIFI,LSP-SONIFI <LSP-SONIFI@marriottonline.onmicrosoft.com>
PHLFA,65.220.47.146,PHLFA,SONIFI,SONIFI,LSP-SONIFI <LSP-SONIFI@marriottonline.onmicrosoft.com>
PHLPF,50.204.112.103,PHLPF,SONIFI,SONIFI,LSP-SONIFI <LSP-SONIFI@marriottonline.onmicrosoft.com>
RSTTS,71.87.10.85,RSTTS,SONIFI,SONIFI,LSP-SONIFI <LSP-SONIFI@marriottonline.onmicrosoft.com>
RSWFB,63.148.219.19,RSWFB,SONIFI,SONIFI,LSP-SONIFI <LSP-SONIFI@marriottonline.onmicrosoft.com>
SANCR,12.138.39.9,SANCR,SONIFI,SONIFI,LSP-SONIFI <LSP-SONIFI@marriottonline.onmicrosoft.com>
SATNA,12.157.251.5,SATNA,SONIFI,SONIFI,LSP-SONIFI <LSP-SONIFI@marriottonline.onmicrosoft.com>
SAVSP,64.203.230.35,SAVSP,SONIFI,SONIFI,LSP-SONIFI <LSP-SONIFI@marriottonline.onmicrosoft.com>
SBNWL,12.150.45.217,SBNWL,SONIFI,SONIFI,LSP-SONIFI <LSP-SONIFI@marriottonline.onmicrosoft.com>
SGFTS,12.20.100.92,SGFTS,SONIFI,SONIFI,LSP-SONIFI <LSP-SONIFI@marriottonline.onmicrosoft.com>
TPARH,97.78.132.100,TPARH,SONIFI,SONIFI,LSP-SONIFI <LSP-SONIFI@marriottonline.onmicrosoft.com>
WASBT,65.220.11.21,WASBT,SONIFI,SONIFI,LSP-SONIFI <LSP-SONIFI@marriottonline.onmicrosoft.com>
YQGTS,198.175.23.66,YQGTS,SONIFI,SONIFI,LSP-SONIFI <LSP-SONIFI@marriottonline.onmicrosoft.com>
YULBC,216.113.47.20,YULBC,SONIFI,SONIFI,LSP-SONIFI <LSP-SONIFI@marriottonline.onmicrosoft.com>
YYZBM,72.138.24.254,YYZBM,SONIFI,SONIFI,LSP-SONIFI <LSP-SONIFI@marriottonline.onmicrosoft.com>
YXUCY,207.35.96.123,YXUCY,SONIFI,SONIFI,LSP-SONIFI <LSP-SONIFI@marriottonline.onmicrosoft.com>
EWRWM,65.74.2.114,EWRWM,SONIFI,SONIFI,LSP-SONIFI <LSP-SONIFI@marriottonline.onmicrosoft.com>
PLNAK,12.31.195.130,PLNAK,SONIFI,SONIFI,LSP-SONIFI <LSP-SONIFI@marriottonline.onmicrosoft.com>
YVRDT,74.3.157.158,YVRDT,SONIFI,SONIFI,LSP-SONIFI <LSP-SONIFI@marriottonline.onmicrosoft.com>
DFWDS,12.5.51.53,DFWDS,SONIFI,SONIFI,LSP-SONIFI <LSP-SONIFI@marriottonline.onmicrosoft.com>
FYVFC,70.182.114.2,FYVFC,SONIFI,SONIFI,LSP-SONIFI <LSP-SONIFI@marriottonline.onmicrosoft.com>
JAXAL,12.237.80.141,JAXAL,SONIFI,SONIFI,LSP-SONIFI <LSP-SONIFI@marriottonline.onmicrosoft.com>
SDFAP,74.219.153.41,SDFAP,SONIFI,SONIFI,LSP-SONIFI <LSP-SONIFI@marriottonline.onmicrosoft.com>
TPASP,71.44.219.121,TPASP,SONIFI,SONIFI,LSP-SONIFI <LSP-SONIFI@marriottonline.onmicrosoft.com>
YYCFI,204.191.60.226,YYCFI,SONIFI,SONIFI,LSP-SONIFI <LSP-SONIFI@marriottonline.onmicrosoft.com>
TLHCY,208.44.197.8,TLHCY,SONIFI,SONIFI,LSP-SONIFI <LSP-SONIFI@marriottonline.onmicrosoft.com>
DENFA,204.131.50.66,DENFA,SONIFI,SONIFI,LSP-SONIFI <LSP-SONIFI@marriottonline.onmicrosoft.com>
ERISI,98.103.156.199,ERISI,SONIFI,SONIFI,LSP-SONIFI <LSP-SONIFI@marriottonline.onmicrosoft.com>
FLGCY,207.192.242.194,FLGCY,SONIFI,SONIFI,LSP-SONIFI <LSP-SONIFI@marriottonline.onmicrosoft.com>
FWARI,12.187.55.130,FWARI,SONIFI,SONIFI,LSP-SONIFI <LSP-SONIFI@marriottonline.onmicrosoft.com>
LASEL,24.120.204.82,LASEL,SONIFI,SONIFI,LSP-SONIFI <LSP-SONIFI@marriottonline.onmicrosoft.com>
MEMGR,12.168.167.194,MEMGR,SONIFI,SONIFI,LSP-SONIFI <LSP-SONIFI@marriottonline.onmicrosoft.com>
SACCX,207.183.240.202,SACCX,SONIFI,SONIFI,LSP-SONIFI <LSP-SONIFI@marriottonline.onmicrosoft.com>
TBNFI,45.45.185.233,TBNFI,SONIFI,SONIFI,LSP-SONIFI <LSP-SONIFI@marriottonline.onmicrosoft.com>
SRQCY,170.55.47.68,SRQCY,SONIFI,SONIFI,LSP-SONIFI <LSP-SONIFI@marriottonline.onmicrosoft.com>
SRQRI,199.27.246.2,SRQRI,SONIFI,SONIFI,LSP-SONIFI <LSP-SONIFI@marriottonline.onmicrosoft.com>
POURK,208.240.100.210,POURK,SONIFI,SONIFI,LSP-SONIFI <LSP-SONIFI@marriottonline.onmicrosoft.com>
ATLMA,12.164.183.247,ATLMA,SONIFI,SONIFI,LSP-SONIFI <LSP-SONIFI@marriottonline.onmicrosoft.com>
WASVS,50.202.183.85,WASVS,SONIFI,SONIFI,LSP-SONIFI <LSP-SONIFI@marriottonline.onmicrosoft.com>
BWITF,50.230.238.42,BWITF,SONIFI,SONIFI,LSP-SONIFI <LSP-SONIFI@marriottonline.onmicrosoft.com>
ISPMF,95.56.189.109,ISPMF,SONIFI,SONIFI,LSP-SONIFI <LSP-SONIFI@marriottonline.onmicrosoft.com>
MEMFG,12.183.61.98,MEMFG,SONIFI,SONIFI,LSP-SONIFI <LSP-SONIFI@marriottonline.onmicrosoft.com>
ICTFD,12.219.119.217,ICTFD,SONIFI,SONIFI,LSP-SONIFI <LSP-SONIFI@marriottonline.onmicrosoft.com>
INTWS,96.10.151.62,INTWS,SONIFI,SONIFI,LSP-SONIFI <LSP-SONIFI@marriottonline.onmicrosoft.com>
LAXMB,216.193.225.190,LAXMB,SONIFI,SONIFI,LSP-SONIFI <LSP-SONIFI@marriottonline.onmicrosoft.com>
SGFSN,95.115.112.50,SGFSN,SONIFI,SONIFI,LSP-SONIFI <LSP-SONIFI@marriottonline.onmicrosoft.com>
TYSKN,12.138.228.131,TYSKN,SONIFI,SONIFI,LSP-SONIFI <LSP-SONIFI@marriottonline.onmicrosoft.com>
YSBFI,209.91.163.245,YSBFI,SONIFI,SONIFI,LSP-SONIFI <LSP-SONIFI@marriottonline.onmicrosoft.com>
BQKCY,69.64.117.163,BQKCY,SONIFI,SONIFI,LSP-SONIFI <LSP-SONIFI@marriottonline.onmicrosoft.com>
CLEAL,98.103.171.28,CLEAL,SONIFI,SONIFI,LSP-SONIFI <LSP-SONIFI@marriottonline.onmicrosoft.com>
BNAFP,12.71.208.243,BNAFP,SafetyNetAccess,SafetyNetAccess,LSP-SafetyNetAccess <LSP-SafetyNetAccess@marriottonline.onmicrosoft.com>
ATLDC,12.70.20.98,ATLDC,SafetyNetAccess,SafetyNetAccess,LSP-SafetyNetAccess <LSP-SafetyNetAccess@marriottonline.onmicrosoft.com>
BNABR,12.153.6.10,BNABR,SafetyNetAccess,SafetyNetAccess,LSP-SafetyNetAccess <LSP-SafetyNetAccess@marriottonline.onmicrosoft.com>
BOSBC,206.66.84.236,BOSBC,SafetyNetAccess,SafetyNetAccess,LSP-SafetyNetAccess <LSP-SafetyNetAccess@marriottonline.onmicrosoft.com>
BOSDH,50.234.29.132,BOSDH,SafetyNetAccess,SafetyNetAccess,LSP-SafetyNetAccess <LSP-SafetyNetAccess@marriottonline.onmicrosoft.com>
BWICB,65.242.119.250,BWICB,SafetyNetAccess,SafetyNetAccess,LSP-SafetyNetAccess <LSP-SafetyNetAccess@marriottonline.onmicrosoft.com>
BWIDH,8.23.51.8,BWIDH,SafetyNetAccess,SafetyNetAccess,LSP-SafetyNetAccess <LSP-SafetyNetAccess@marriottonline.onmicrosoft.com>
CAKFC,12.238.143.200,CAKFC,SafetyNetAccess,SafetyNetAccess,LSP-SafetyNetAccess <LSP-SafetyNetAccess@marriottonline.onmicrosoft.com>
CLEFP,70.60.132.62,CLEFP,SafetyNetAccess,SafetyNetAccess,LSP-SafetyNetAccess <LSP-SafetyNetAccess@marriottonline.onmicrosoft.com>
CMHWI,98.100.82.212,CMHWI,SafetyNetAccess,SafetyNetAccess,LSP-SafetyNetAccess <LSP-SafetyNetAccess@marriottonline.onmicrosoft.com>
CVGAP,216.68.36.161,CVGAP,SafetyNetAccess,SafetyNetAccess,LSP-SafetyNetAccess <LSP-SafetyNetAccess@marriottonline.onmicrosoft.com>
CVGCA,216.68.60.203,CVGCA,SafetyNetAccess,SafetyNetAccess,LSP-SafetyNetAccess <LSP-SafetyNetAccess@marriottonline.onmicrosoft.com>
DALLS,172.108.196.66,DALLS,SafetyNetAccess,SafetyNetAccess,LSP-SafetyNetAccess <LSP-SafetyNetAccess@marriottonline.onmicrosoft.com>
DALTG,97.77.36.197,DALTG,SafetyNetAccess,SafetyNetAccess,LSP-SafetyNetAccess <LSP-SafetyNetAccess@marriottonline.onmicrosoft.com>
DENAF,65.114.197.130,DENAF,SafetyNetAccess,SafetyNetAccess,LSP-SafetyNetAccess <LSP-SafetyNetAccess@marriottonline.onmicrosoft.com>
DENTN,65.140.151.190,DENTN,SafetyNetAccess,SafetyNetAccess,LSP-SafetyNetAccess <LSP-SafetyNetAccess@marriottonline.onmicrosoft.com>
DFWGV,97.77.36.196,DFWGV,SafetyNetAccess,SafetyNetAccess,LSP-SafetyNetAccess <LSP-SafetyNetAccess@marriottonline.onmicrosoft.com>
FSDSI,65.98.159.188,FSDSI,SafetyNetAccess,SafetyNetAccess,LSP-SafetyNetAccess <LSP-SafetyNetAccess@marriottonline.onmicrosoft.com>
GPTRI,12.170.33.130,GPTRI,SafetyNetAccess,SafetyNetAccess,LSP-SafetyNetAccess <LSP-SafetyNetAccess@marriottonline.onmicrosoft.com>
HARET,50.225.215.170,HARET,SafetyNetAccess,SafetyNetAccess,LSP-SafetyNetAccess <LSP-SafetyNetAccess@marriottonline.onmicrosoft.com>
HOUDM,12.189.113.124,HOUDM,SafetyNetAccess,SafetyNetAccess,LSP-SafetyNetAccess <LSP-SafetyNetAccess@marriottonline.onmicrosoft.com>
HOUGI,67.200.234.5,HOUGI,SafetyNetAccess,SafetyNetAccess,LSP-SafetyNetAccess <LSP-SafetyNetAccess@marriottonline.onmicrosoft.com>
HSVHW,12.215.206.34,HSVHW,SafetyNetAccess,SafetyNetAccess,LSP-SafetyNetAccess <LSP-SafetyNetAccess@marriottonline.onmicrosoft.com>
INDES,216.238.24.140,INDES,SafetyNetAccess,SafetyNetAccess,LSP-SafetyNetAccess <LSP-SafetyNetAccess@marriottonline.onmicrosoft.com>
INDPS,12.195.22.34,INDPS,SafetyNetAccess,SafetyNetAccess,LSP-SafetyNetAccess <LSP-SafetyNetAccess@marriottonline.onmicrosoft.com>
LASHD,4.2.42.195,LASHD,SafetyNetAccess,SafetyNetAccess,LSP-SafetyNetAccess <LSP-SafetyNetAccess@marriottonline.onmicrosoft.com>
MCIMT,169.130.188.60,MCIMT,SafetyNetAccess,SafetyNetAccess,LSP-SafetyNetAccess <LSP-SafetyNetAccess@marriottonline.onmicrosoft.com>
MIAFS,12.237.164.131,MIAFS,SafetyNetAccess,SafetyNetAccess,LSP-SafetyNetAccess <LSP-SafetyNetAccess@marriottonline.onmicrosoft.com>
MIATA,12.215.83.35,MIATA,SafetyNetAccess,SafetyNetAccess,LSP-SafetyNetAccess <LSP-SafetyNetAccess@marriottonline.onmicrosoft.com>
MSLRI,12.5.127.130,MSLRI,SafetyNetAccess,SafetyNetAccess,LSP-SafetyNetAccess <LSP-SafetyNetAccess@marriottonline.onmicrosoft.com>
PBIRH,50.233.66.16,PBIRH,SafetyNetAccess,SafetyNetAccess,LSP-SafetyNetAccess <LSP-SafetyNetAccess@marriottonline.onmicrosoft.com>
PHLMH,50.20.5.194,PHLMH,SafetyNetAccess,SafetyNetAccess,LSP-SafetyNetAccess <LSP-SafetyNetAccess@marriottonline.onmicrosoft.com>
PHXSI,207.225.163.165,PHXSI,SafetyNetAccess,SafetyNetAccess,LSP-SafetyNetAccess <LSP-SafetyNetAccess@marriottonline.onmicrosoft.com>
RKHTS,208.104.91.130,RKHTS,SafetyNetAccess,SafetyNetAccess,LSP-SafetyNetAccess <LSP-SafetyNetAccess@marriottonline.onmicrosoft.com>
SACEX,50.201.182.236,SACEX,SafetyNetAccess,SafetyNetAccess,LSP-SafetyNetAccess <LSP-SafetyNetAccess@marriottonline.onmicrosoft.com>
SDFLA,12.68.236.230,SDFLA,SafetyNetAccess,SafetyNetAccess,LSP-SafetyNetAccess <LSP-SafetyNetAccess@marriottonline.onmicrosoft.com>
SNAIR,12.184.93.115,SNAIR,SafetyNetAccess,SafetyNetAccess,LSP-SafetyNetAccess <LSP-SafetyNetAccess@marriottonline.onmicrosoft.com>
STLOF,12.28.46.35,STLOF,SafetyNetAccess,SafetyNetAccess,LSP-SafetyNetAccess <LSP-SafetyNetAccess@marriottonline.onmicrosoft.com>
YYZDA,38.117.106.180,YYZDA,SafetyNetAccess,SafetyNetAccess,LSP-SafetyNetAccess <LSP-SafetyNetAccess@marriottonline.onmicrosoft.com>
ORFPT,67.52.174.221,ORFPT,SafetyNetAccess,SafetyNetAccess,LSP-SafetyNetAccess <LSP-SafetyNetAccess@marriottonline.onmicrosoft.com>
BWRAR,12.26.223.130,BWRAR,SafetyNetAccess,SafetyNetAccess,LSP-SafetyNetAccess <LSP-SafetyNetAccess@marriottonline.onmicrosoft.com>
CVGDT,216.68.36.66,CVGDT,SafetyNetAccess,SafetyNetAccess,LSP-SafetyNetAccess <LSP-SafetyNetAccess@marriottonline.onmicrosoft.com>
LAXTC,47.176.62.28,LAXTC,SafetyNetAccess,SafetyNetAccess,LSP-SafetyNetAccess <LSP-SafetyNetAccess@marriottonline.onmicrosoft.com>
MSYSI,12.179.31.148,MSYSI,SafetyNetAccess,SafetyNetAccess,LSP-SafetyNetAccess <LSP-SafetyNetAccess@marriottonline.onmicrosoft.com>
NYCFF,72.69.87.227,NYCFF,SafetyNetAccess,SafetyNetAccess,LSP-SafetyNetAccess <LSP-SafetyNetAccess@marriottonline.onmicrosoft.com>
YYTDS,24.114.222.202,YYTDS,SafetyNetAccess,SafetyNetAccess,LSP-SafetyNetAccess <LSP-SafetyNetAccess@marriottonline.onmicrosoft.com>
TYRTR,72.47.46.130,TYRTR,SafetyNetAccess,SafetyNetAccess,LSP-SafetyNetAccess <LSP-SafetyNetAccess@marriottonline.onmicrosoft.com>
TCLTS,50.193.245.83,TCLTS,SafetyNetAccess,SafetyNetAccess,LSP-SafetyNetAccess <LSP-SafetyNetAccess@marriottonline.onmicrosoft.com>
MSYTD,12.179.31.149,MSYTD,SafetyNetAccess,SafetyNetAccess,LSP-SafetyNetAccess <LSP-SafetyNetAccess@marriottonline.onmicrosoft.com>
DFWWS,12.46.42.46,DFWWS,SafetyNetAccess,SafetyNetAccess,LSP-SafetyNetAccess <LSP-SafetyNetAccess@marriottonline.onmicrosoft.com>
RDGFI,63.104.146.2,RDGFI,SafetyNetAccess,SafetyNetAccess,LSP-SafetyNetAccess <LSP-SafetyNetAccess@marriottonline.onmicrosoft.com>
INDED,216.238.26.181,INDED,SafetyNetAccess,SafetyNetAccess,LSP-SafetyNetAccess <LSP-SafetyNetAccess@marriottonline.onmicrosoft.com>
YYZDS,207.219.231.53,YYZDS,SafetyNetAccess,SafetyNetAccess,LSP-SafetyNetAccess <LSP-SafetyNetAccess@marriottonline.onmicrosoft.com>
BUFAP,204.253.58.105,BUFAP,SafetyNetAccess,SafetyNetAccess,LSP-SafetyNetAccess <LSP-SafetyNetAccess@marriottonline.onmicrosoft.com>
MYRCY,168.92.224.105,MYRCY,SafetyNetAccess,SafetyNetAccess,LSP-SafetyNetAccess <LSP-SafetyNetAccess@marriottonline.onmicrosoft.com>
SLCAP,130.250.248.34,SLCAP,SafetyNetAccess,SafetyNetAccess,LSP-SafetyNetAccess <LSP-SafetyNetAccess@marriottonline.onmicrosoft.com>
SANMC,130.250.246.67,SANMC,SafetyNetAccess,SafetyNetAccess,LSP-SafetyNetAccess <LSP-SafetyNetAccess@marriottonline.onmicrosoft.com>
SJCAC,12.35.38.194,SJCAC,SafetyNetAccess,SafetyNetAccess,LSP-SafetyNetAccess <LSP-SafetyNetAccess@marriottonline.onmicrosoft.com>
SEAOX,12.35.38.19,SEAOX,SafetyNetAccess,SafetyNetAccess,LSP-SafetyNetAccess <LSP-SafetyNetAccess@marriottonline.onmicrosoft.com>
JAXJS,12.159.11.163,JAXJS,SafetyNetAccess,SafetyNetAccess,LSP-SafetyNetAccess <LSP-SafetyNetAccess@marriottonline.onmicrosoft.com>
CLTSW,134.204.31.10,CLTSW,SafetyNetAccess,SafetyNetAccess,LSP-SafetyNetAccess <LSP-SafetyNetAccess@marriottonline.onmicrosoft.com>
EYWFK,162.251.117.99,EYWFK,SafetyNetAccess,SafetyNetAccess,LSP-SafetyNetAccess <LSP-SafetyNetAccess@marriottonline.onmicrosoft.com>
RSWAC,74.121.175.215,RSWAC,SafetyNetAccess,SafetyNetAccess,LSP-SafetyNetAccess <LSP-SafetyNetAccess@marriottonline.onmicrosoft.com>
PWMNC,209.213.65.82,PWMNC,SafetyNetAccess,SafetyNetAccess,LSP-SafetyNetAccess <LSP-SafetyNetAccess@marriottonline.onmicrosoft.com>
DENBX,50.169.240.3,DENBX,SafetyNetAccess,SafetyNetAccess,LSP-SafetyNetAccess <LSP-SafetyNetAccess@marriottonline.onmicrosoft.com>
SJUFP,207.150.224.132,SJUFP,SafetyNetAccess,SafetyNetAccess,LSP-SafetyNetAccess <LSP-SafetyNetAccess@marriottonline.onmicrosoft.com>
SNAPL,12.29.234.134,SNAPL,SafetyNetAccess,SafetyNetAccess,LSP-SafetyNetAccess <LSP-SafetyNetAccess@marriottonline.onmicrosoft.com>
COSFS,8.9.44.56,COSFS,SafetyNetAccess,SafetyNetAccess,LSP-SafetyNetAccess <LSP-SafetyNetAccess@marriottonline.onmicrosoft.com>
RICCD,70.33.137.34,RICCD,SafetyNetAccess,SafetyNetAccess,LSP-SafetyNetAccess <LSP-SafetyNetAccess@marriottonline.onmicrosoft.com>
RICCD,70.33.137.34,RICCD,SafetyNetAccess,SafetyNetAccess,LSP-SafetyNetAccess <LSP-SafetyNetAccess@marriottonline.onmicrosoft.com>
ORFVS,216.12.108.6,ORFVS,SafetyNetAccess,SafetyNetAccess,LSP-SafetyNetAccess <LSP-SafetyNetAccess@marriottonline.onmicrosoft.com>
YQARI,69.158.235.50,YQARI,SafetyNetAccess,SafetyNetAccess,LSP-SafetyNetAccess <LSP-SafetyNetAccess@marriottonline.onmicrosoft.com>
PHXXL,63.239.218.55,PHXXL,SafetyNetAccess,SafetyNetAccess,LSP-SafetyNetAccess <LSP-SafetyNetAccess@marriottonline.onmicrosoft.com>
BTRGZ,209.124.218.208,BTRGZ,SafetyNetAccess,SafetyNetAccess,LSP-SafetyNetAccess <LSP-SafetyNetAccess@marriottonline.onmicrosoft.com>
ARBSI,207.243.51.221,ARBSI,SingleDigits,SingleDigits,LSP-SingleDigits <LSP-SingleDigits@marriottonline.onmicrosoft.com>
BOSCY,96.86.69.187,BOSCY,SingleDigits,SingleDigits,LSP-SingleDigits <LSP-SingleDigits@marriottonline.onmicrosoft.com>
BWIFM,65.216.246.143,BWIFM,SingleDigits,SingleDigits,LSP-SingleDigits <LSP-SingleDigits@marriottonline.onmicrosoft.com>
CTDCY,47.176.19.114,CTDCY,SingleDigits,SingleDigits,LSP-SingleDigits <LSP-SingleDigits@marriottonline.onmicrosoft.com>
CTDRI,47.176.225.194,CTDRI,SingleDigits,SingleDigits,LSP-SingleDigits <LSP-SingleDigits@marriottonline.onmicrosoft.com>
DENWW,50.207.133.83,DENWW,SingleDigits,SingleDigits,LSP-SingleDigits <LSP-SingleDigits@marriottonline.onmicrosoft.com>
DTWDI,12.1.118.71,DTWDI,SingleDigits,SingleDigits,LSP-SingleDigits <LSP-SingleDigits@marriottonline.onmicrosoft.com>
EWRWS,74.10.136.164,EWRWS,SingleDigits,SingleDigits,LSP-SingleDigits <LSP-SingleDigits@marriottonline.onmicrosoft.com>
FLLBR,170.55.150.147,FLLBR,SingleDigits,SingleDigits,LSP-SingleDigits <LSP-SingleDigits@marriottonline.onmicrosoft.com>
HNLKS,64.129.1.8,HNLKS,SingleDigits,SingleDigits,LSP-SingleDigits <LSP-SingleDigits@marriottonline.onmicrosoft.com>
HNLLC,64.129.1.15,HNLLC,SingleDigits,SingleDigits,LSP-SingleDigits <LSP-SingleDigits@marriottonline.onmicrosoft.com>
HOUGP,12.233.84.170,HOUGP,SingleDigits,SingleDigits,LSP-SingleDigits <LSP-SingleDigits@marriottonline.onmicrosoft.com>
HOUIW,50.207.201.6,HOUIW,SingleDigits,SingleDigits,LSP-SingleDigits <LSP-SingleDigits@marriottonline.onmicrosoft.com>
HOUWL,12.196.232.16,HOUWL,SingleDigits,SingleDigits,LSP-SingleDigits <LSP-SingleDigits@marriottonline.onmicrosoft.com>
IAHAP,12.97.203.243,IAHAP,SingleDigits,SingleDigits,LSP-SingleDigits <LSP-SingleDigits@marriottonline.onmicrosoft.com>
ILGSS,50.227.149.50,ILGSS,SingleDigits,SingleDigits,LSP-SingleDigits <LSP-SingleDigits@marriottonline.onmicrosoft.com>
INDST,70.60.133.210,INDST,SingleDigits,SingleDigits,LSP-SingleDigits <LSP-SingleDigits@marriottonline.onmicrosoft.com>
JAXSH,4.79.101.231,JAXSH,SingleDigits,SingleDigits,LSP-SingleDigits <LSP-SingleDigits@marriottonline.onmicrosoft.com>
LAXHW,12.230.36.66,LAXHW,SingleDigits,SingleDigits,LSP-SingleDigits <LSP-SingleDigits@marriottonline.onmicrosoft.com>
LAXPW,198.44.220.5,LAXPW,SingleDigits,SingleDigits,LSP-SingleDigits <LSP-SingleDigits@marriottonline.onmicrosoft.com>
LAXRL,12.108.114.67,LAXRL,SingleDigits,SingleDigits,LSP-SingleDigits <LSP-SingleDigits@marriottonline.onmicrosoft.com>
LGBRN,72.37.134.19,LGBRN,SingleDigits,SingleDigits,LSP-SingleDigits <LSP-SingleDigits@marriottonline.onmicrosoft.com>
MCOAP,67.201.64.11,MCOAP,SingleDigits,SingleDigits,LSP-SingleDigits <LSP-SingleDigits@marriottonline.onmicrosoft.com>
MCICC,4.17.247.131,MCICC,SingleDigits,SingleDigits,LSP-SingleDigits <LSP-SingleDigits@marriottonline.onmicrosoft.com>
MEMCD,12.49.164.41,MEMCD,SingleDigits,SingleDigits,LSP-SingleDigits <LSP-SingleDigits@marriottonline.onmicrosoft.com>
MIAAP,65.205.152.67,MIAAP,SingleDigits,SingleDigits,LSP-SingleDigits <LSP-SingleDigits@marriottonline.onmicrosoft.com>
MIACS,65.205.152.101,MIACS,SingleDigits,SingleDigits,LSP-SingleDigits <LSP-SingleDigits@marriottonline.onmicrosoft.com>
MIAEB,12.26.136.96,MIAEB,SingleDigits,SingleDigits,LSP-SingleDigits <LSP-SingleDigits@marriottonline.onmicrosoft.com>
MRYCA,12.151.35.131,MRYCA,SingleDigits,SingleDigits,LSP-SingleDigits <LSP-SingleDigits@marriottonline.onmicrosoft.com>
PDXOR,65.140.146.140,PDXOR,SingleDigits,SingleDigits,LSP-SingleDigits <LSP-SingleDigits@marriottonline.onmicrosoft.com>
PHXSF,184.191.143.238,PHXSF,SingleDigits,SingleDigits,LSP-SingleDigits <LSP-SingleDigits@marriottonline.onmicrosoft.com>
PHXST,64.158.128.131,PHXST,SingleDigits,SingleDigits,LSP-SingleDigits <LSP-SingleDigits@marriottonline.onmicrosoft.com>
PHXNO,65.200.13.131,PHXNO,SingleDigits,SingleDigits,LSP-SingleDigits <LSP-SingleDigits@marriottonline.onmicrosoft.com>
RNORZ,12.153.217.121,RNORZ,SingleDigits,SingleDigits,LSP-SingleDigits <LSP-SingleDigits@marriottonline.onmicrosoft.com>
SACMC,12.238.89.170,SACMC,SingleDigits,SingleDigits,LSP-SingleDigits <LSP-SingleDigits@marriottonline.onmicrosoft.com>
SANDM,12.9.178.6,SANDM,SingleDigits,SingleDigits,LSP-SingleDigits <LSP-SingleDigits@marriottonline.onmicrosoft.com>
SFORZ,12.203.141.197,SFORZ,SingleDigits,SingleDigits,LSP-SingleDigits <LSP-SingleDigits@marriottonline.onmicrosoft.com>
SNAVO,64.147.5.163,SNAVO,SingleDigits,SingleDigits,LSP-SingleDigits <LSP-SingleDigits@marriottonline.onmicrosoft.com>
STLFN,71.91.244.86,STLFN,SingleDigits,SingleDigits,LSP-SingleDigits <LSP-SingleDigits@marriottonline.onmicrosoft.com>
YQRAK,207.195.40.44,YQRAK,SingleDigits,SingleDigits,LSP-SingleDigits <LSP-SingleDigits@marriottonline.onmicrosoft.com>
YQMFP,207.179.178.234,YQMFP,SingleDigits,SingleDigits,LSP-SingleDigits <LSP-SingleDigits@marriottonline.onmicrosoft.com>
YSEWV,173.214.130.163,YSEWV,SingleDigits,SingleDigits,LSP-SingleDigits <LSP-SingleDigits@marriottonline.onmicrosoft.com>
YULSI,24.37.194.131,YULSI,SingleDigits,SingleDigits,LSP-SingleDigits <LSP-SingleDigits@marriottonline.onmicrosoft.com>
YSEWI,173.214.130.99,YSEWI,SingleDigits,SingleDigits,LSP-SingleDigits <LSP-SingleDigits@marriottonline.onmicrosoft.com>
YYCWI,206.174.202.43,YYCWI,SingleDigits,SingleDigits,LSP-SingleDigits <LSP-SingleDigits@marriottonline.onmicrosoft.com>
YYCXA,208.118.127.68,YYCXA,SingleDigits,SingleDigits,LSP-SingleDigits <LSP-SingleDigits@marriottonline.onmicrosoft.com>
YYZCY,99.209.12.198,YYZCY,SingleDigits,SingleDigits,LSP-SingleDigits <LSP-SingleDigits@marriottonline.onmicrosoft.com>
YYZDL,209.5.237.225,YYZDL,SingleDigits,SingleDigits,LSP-SingleDigits <LSP-SingleDigits@marriottonline.onmicrosoft.com>
YYZTC,76.9.197.176,YYZTC,SingleDigits,SingleDigits,LSP-SingleDigits <LSP-SingleDigits@marriottonline.onmicrosoft.com>
CUNFD,187.188.16.179,CUNFD,SingleDigits,SingleDigits,LSP-SingleDigits <LSP-SingleDigits@marriottonline.onmicrosoft.com>
TIJFI,189.197.63.234,TIJFI,SingleDigits,SingleDigits,LSP-SingleDigits <LSP-SingleDigits@marriottonline.onmicrosoft.com>
AHNRZ,207.5.47.71,AHNRZ,SingleDigits,SingleDigits,LSP-SingleDigits <LSP-SingleDigits@marriottonline.onmicrosoft.com>
PHXLC,65.154.156.50,PHXLC,SingleDigits,SingleDigits,LSP-SingleDigits <LSP-SingleDigits@marriottonline.onmicrosoft.com>
DBQTS,207.191.204.40,DBQTS,SingleDigits,SingleDigits,LSP-SingleDigits <LSP-SingleDigits@marriottonline.onmicrosoft.com>
EVVFJ,147.0.102.163,EVVFJ,SingleDigits,SingleDigits,LSP-SingleDigits <LSP-SingleDigits@marriottonline.onmicrosoft.com>
MEMTX,12.49.140.67,MEMTX,SingleDigits,SingleDigits,LSP-SingleDigits <LSP-SingleDigits@marriottonline.onmicrosoft.com>
SHVTS,12.10.71.11,SHVTS,SingleDigits,SingleDigits,LSP-SingleDigits <LSP-SingleDigits@marriottonline.onmicrosoft.com>
PNSRP,12.131.252.201,PNSRP,SingleDigits,SingleDigits,LSP-SingleDigits <LSP-SingleDigits@marriottonline.onmicrosoft.com>
MIAMD,50.79.149.209,MIAMD,SingleDigits,SingleDigits,LSP-SingleDigits <LSP-SingleDigits@marriottonline.onmicrosoft.com>
CLTRD,66.57.97.226,CLTRD,SingleDigits,SingleDigits,LSP-SingleDigits <LSP-SingleDigits@marriottonline.onmicrosoft.com>
HNLWS,64.129.1.0,HNLWS,SingleDigits,SingleDigits,LSP-SingleDigits <LSP-SingleDigits@marriottonline.onmicrosoft.com>
ABETS,209.173.14.192,ABETS,SingleDigits,SingleDigits,LSP-SingleDigits <LSP-SingleDigits@marriottonline.onmicrosoft.com>
AIYCY,130.251.240.70,AIYCY,SingleDigits,SingleDigits,LSP-SingleDigits <LSP-SingleDigits@marriottonline.onmicrosoft.com>
ATLAH,24.104.125.1,ATLAH,SingleDigits,SingleDigits,LSP-SingleDigits <LSP-SingleDigits@marriottonline.onmicrosoft.com>
AUGFI,216.195.130.181,AUGFI,SingleDigits,SingleDigits,LSP-SingleDigits <LSP-SingleDigits@marriottonline.onmicrosoft.com>
BGRRI,64.140.212.246,BGRRI,SingleDigits,SingleDigits,LSP-SingleDigits <LSP-SingleDigits@marriottonline.onmicrosoft.com>
BGRTS,66.63.86.88,BGRTS,SingleDigits,SingleDigits,LSP-SingleDigits <LSP-SingleDigits@marriottonline.onmicrosoft.com>
BNAGI,207.86.216.85,BNAGI,SingleDigits,SingleDigits,LSP-SingleDigits <LSP-SingleDigits@marriottonline.onmicrosoft.com>
BOSBM,38.111.11.9,BOSBM,SingleDigits,SingleDigits,LSP-SingleDigits <LSP-SingleDigits@marriottonline.onmicrosoft.com>
CHINO,209.214.189.132,CHINO,SingleDigits,SingleDigits,LSP-SingleDigits <LSP-SingleDigits@marriottonline.onmicrosoft.com>
CSGAO,216.186.132.34,CSGAO,SingleDigits,SingleDigits,LSP-SingleDigits <LSP-SingleDigits@marriottonline.onmicrosoft.com>
YXEDS,64.141.14.139,YXEDS,SingleDigits,SingleDigits,LSP-SingleDigits <LSP-SingleDigits@marriottonline.onmicrosoft.com>
YWGDW,66.244.231.237,YWGDW,SingleDigits,SingleDigits,LSP-SingleDigits <LSP-SingleDigits@marriottonline.onmicrosoft.com>
YVRDB,97.111.8.25,YVRDB,SingleDigits,SingleDigits,LSP-SingleDigits <LSP-SingleDigits@marriottonline.onmicrosoft.com>
YSCDR,207.96.226.207,YSCDR,SingleDigits,SingleDigits,LSP-SingleDigits <LSP-SingleDigits@marriottonline.onmicrosoft.com>
YQMDR,72.138.110.90,YQMDR,SingleDigits,SingleDigits,LSP-SingleDigits <LSP-SingleDigits@marriottonline.onmicrosoft.com>
YHZMC,72.138.99.58,YHZMC,SingleDigits,SingleDigits,LSP-SingleDigits <LSP-SingleDigits@marriottonline.onmicrosoft.com>
YFCDF,72.138.110.139,YFCDF,SingleDigits,SingleDigits,LSP-SingleDigits <LSP-SingleDigits@marriottonline.onmicrosoft.com>
PWMBW,66.63.80.40,PWMBW,SingleDigits,SingleDigits,LSP-SingleDigits <LSP-SingleDigits@marriottonline.onmicrosoft.com>
MLBFV,12.175.168.67,MLBFV,SingleDigits,SingleDigits,LSP-SingleDigits <LSP-SingleDigits@marriottonline.onmicrosoft.com>
MIALA,206.99.220.101,MIALA,SingleDigits,SingleDigits,LSP-SingleDigits <LSP-SingleDigits@marriottonline.onmicrosoft.com>
LAXAX,12.39.250.125,LAXAX,SingleDigits,SingleDigits,LSP-SingleDigits <LSP-SingleDigits@marriottonline.onmicrosoft.com>
GNVRI,174.78.223.61,GNVRI,SingleDigits,SingleDigits,LSP-SingleDigits <LSP-SingleDigits@marriottonline.onmicrosoft.com>
DFWSI,64.183.196.70,DFWSI,SingleDigits,SingleDigits,LSP-SingleDigits <LSP-SingleDigits@marriottonline.onmicrosoft.com>
CURBR,161.0.97.101,CURBR,SingleDigits,SingleDigits,LSP-SingleDigits <LSP-SingleDigits@marriottonline.onmicrosoft.com>
CUNFP,186.96.3.236,CUNFP,SingleDigits,SingleDigits,LSP-SingleDigits <LSP-SingleDigits@marriottonline.onmicrosoft.com>
CUNFI,201.132.14.237,CUNFI,SingleDigits,SingleDigits,LSP-SingleDigits <LSP-SingleDigits@marriottonline.onmicrosoft.com>
FAYSL,66.19.95.3,FAYSL,SingleDigits,SingleDigits,LSP-SingleDigits <LSP-SingleDigits@marriottonline.onmicrosoft.com>
HOUMW,12.156.172.5,HOUMW,SingleDigits,SingleDigits,LSP-SingleDigits <LSP-SingleDigits@marriottonline.onmicrosoft.com>
LAXLS,12.231.173.240,LAXLS,SingleDigits,SingleDigits,LSP-SingleDigits <LSP-SingleDigits@marriottonline.onmicrosoft.com>
MIAES,104.178.77.88,MIAES,SingleDigits,SingleDigits,LSP-SingleDigits <LSP-SingleDigits@marriottonline.onmicrosoft.com>
OAKAP,209.0.100.91,OAKAP,SingleDigits,SingleDigits,LSP-SingleDigits <LSP-SingleDigits@marriottonline.onmicrosoft.com>
PFNFI,96.27.163.221,PFNFI,SingleDigits,SingleDigits,LSP-SingleDigits <LSP-SingleDigits@marriottonline.onmicrosoft.com>
YYGDP,24.222.66.215,YYGDP,SingleDigits,SingleDigits,LSP-SingleDigits <LSP-SingleDigits@marriottonline.onmicrosoft.com>
YKFDG,72.138.38.150,YKFDG,SingleDigits,SingleDigits,LSP-SingleDigits <LSP-SingleDigits@marriottonline.onmicrosoft.com>
SJCSJ,12.104.145.12,SJCSJ,SingleDigits,SingleDigits,LSP-SingleDigits <LSP-SingleDigits@marriottonline.onmicrosoft.com>
PWMBA,64.140.214.247,PWMBA,SingleDigits,SingleDigits,LSP-SingleDigits <LSP-SingleDigits@marriottonline.onmicrosoft.com>
RUHSA,5.42.240.230,RUHSA,interTouch,interTouch,Angelo Roque <angelo.roque@intertouch.com>;
TPECD,60.251.164.196,TPECD,interTouch,interTouch,Angelo Roque <angelo.roque@intertouch.com>;
BKKLA,58.64.44.3,BKKLA,interTouch,interTouch,Angelo Roque <angelo.roque@intertouch.com>;
RUHDQ,87.101.131.163,RUHDQ,interTouch,interTouch,Angelo Roque <angelo.roque@intertouch.com>;
ADDLC,213.55.101.101,ADDLC,interTouch,interTouch,Angelo Roque <angelo.roque@intertouch.com>;
XMNMC,59.60.12.66,XMNMC,interTouch,interTouch,Angelo Roque <angelo.roque@intertouch.com>;
HGHER,122.225.130.147,HGHER,interTouch,interTouch,Angelo Roque <angelo.roque@intertouch.com>;
ZISSI,116.6.42.181,ZISSI,interTouch,interTouch,Angelo Roque <angelo.roque@intertouch.com>;
DELMD,103.51.116.123,DELMD,interTouch,interTouch,Angelo Roque <angelo.roque@intertouch.com>;
BDOCY,222.165.206.183,BDOCY,interTouch,interTouch,Angelo Roque <angelo.roque@intertouch.com>;
BLRJW,115.110.70.196,BLRJW,interTouch,interTouch,Angelo Roque <angelo.roque@intertouch.com>;
DELWI,110.173.191.136,DELWI,interTouch,interTouch,Angelo Roque <angelo.roque@intertouch.com>;
GUMWI,67.98.162.156,GUMWI,interTouch,interTouch,Angelo Roque <angelo.roque@intertouch.com>;
PABCY,219.65.118.5,PABCY,interTouch,interTouch,Angelo Roque <angelo.roque@intertouch.com>;
IXCJW,115.111.242.138,IXCJW,interTouch,interTouch,Angelo Roque <angelo.roque@intertouch.com>;
SHALU,116.247.99.181,SHALU,interTouch,interTouch,Angelo Roque <angelo.roque@intertouch.com>;
HRGSS,41.33.182.196,HRGSS,interTouch,interTouch,Angelo Roque <angelo.roque@intertouch.com>;
MAAFC,45.112.55.118,MAAFC,interTouch,interTouch,Angelo Roque <angelo.roque@intertouch.com>;
ADDER,196.189.180.83,ADDER,interTouch,interTouch,Angelo Roque <angelo.roque@intertouch.com>;
PNQCM,103.76.10.180,PNQCM,interTouch,interTouch,Angelo Roque <angelo.roque@intertouch.com>;
SHAMG,203.156.230.101,SHAMG,interTouch,interTouch,Angelo Roque <angelo.roque@intertouch.com>;
HYDMD,115.114.114.196,HYDMD,interTouch,interTouch,Angelo Roque <angelo.roque@intertouch.com>;
PYXBR,103.40.137.212,PYXBR,interTouch,interTouch,Angelo Roque <angelo.roque@intertouch.com>;
BLRAL,103.163.68.140,BLRAL,interTouch,interTouch,Angelo Roque <angelo.roque@intertouch.com>;
RUHAB,87.101.152.51,RUHAB,interTouch,interTouch,Angelo Roque <angelo.roque@intertouch.com>;
CJBFI,182.72.217.26,CJBFI,interTouch,interTouch,Angelo Roque <angelo.roque@intertouch.com>;
RUHAL,37.76.255.105,RUHAL,interTouch,interTouch,Angelo Roque <angelo.roque@intertouch.com>;
NTGFP,61.177.204.147,NTGFP,interTouch,interTouch,Angelo Roque <angelo.roque@intertouch.com>;
MAACY,123.176.34.12,MAACY,interTouch,interTouch,Angelo Roque <angelo.roque@intertouch.com>;
WUHFJ,58.48.160.194,WUHFJ,interTouch,interTouch,Angelo Roque <angelo.roque@intertouch.com>;
AMDCY,103.254.34.195,AMDCY,interTouch,interTouch,Angelo Roque <angelo.roque@intertouch.com>;
SELSA,183.96.224.3,SELSA,interTouch,interTouch,Angelo Roque <angelo.roque@intertouch.com>;
MCTRZ,134.0.177.212,MCTRZ,interTouch,interTouch,Angelo Roque <angelo.roque@intertouch.com>;
HYDMC,115.114.129.60,HYDMC,interTouch,interTouch,Angelo Roque <angelo.roque@intertouch.com>;
HYDSI,14.143.14.132,HYDSI,interTouch,interTouch,Angelo Roque <angelo.roque@intertouch.com>;
SHASY,101.231.152.232,SHASY,interTouch,interTouch,Angelo Roque <angelo.roque@intertouch.com>;
BJSRZ,60.247.97.39,BJSRZ,interTouch,interTouch,Angelo Roque <angelo.roque@intertouch.com>;
MCTMJ,85.154.29.28,MCTMJ,interTouch,interTouch,Angelo Roque <angelo.roque@intertouch.com>;
SELMO,210.92.147.132,SELMO,interTouch,interTouch,Angelo Roque <angelo.roque@intertouch.com>;
JEDMK,82.197.60.142,JEDMK,interTouch,interTouch,Angelo Roque <angelo.roque@intertouch.com>;
MCTWH,134.0.206.35,MCTWH,interTouch,interTouch,Angelo Roque <angelo.roque@intertouch.com>;
DELGU,103.234.156.146,DELGU,interTouch,interTouch,Angelo Roque <angelo.roque@intertouch.com>;
SHARN,222.71.155.82,SHARN,interTouch,interTouch,Angelo Roque <angelo.roque@intertouch.com>;
SYXWS,113.59.70.22,SYXWS,interTouch,interTouch,Angelo Roque <angelo.roque@intertouch.com>;
CSXYF,218.76.54.58,CSXYF,interTouch,interTouch,Angelo Roque <angelo.roque@intertouch.com>;
SELCS,115.89.79.131,SELCS,interTouch,interTouch,Angelo Roque <angelo.roque@intertouch.com>;
BKKAP,202.133.182.53,BKKAP,interTouch,interTouch,Angelo Roque <angelo.roque@intertouch.com>;
NOUMD,61.5.211.34,NOUMD,interTouch,interTouch,Angelo Roque <angelo.roque@intertouch.com>;
INCSI,61.133.203.59,INCSI,interTouch,interTouch,Angelo Roque <angelo.roque@intertouch.com>;
BLROX,14.194.222.139,BLROX,interTouch,interTouch,Angelo Roque <angelo.roque@intertouch.com>;
DEDJW,103.93.115.42,DEDJW,interTouch,interTouch,Angelo Roque <angelo.roque@intertouch.com>;
FUOCY,27.45.147.195,FUOCY,interTouch,interTouch,Angelo Roque <angelo.roque@intertouch.com>;
HKGOP,42.200.6.30,HKGOP,interTouch,interTouch,Angelo Roque <angelo.roque@intertouch.com>;
RMQFI,61.218.135.2,RMQFI,interTouch,interTouch,Angelo Roque <angelo.roque@intertouch.com>;
SHASF,116.236.91.227,SHASF,interTouch,interTouch,Angelo Roque <angelo.roque@intertouch.com>;
HAKRZ,210.13.236.34,HAKRZ,interTouch,interTouch,Angelo Roque <angelo.roque@intertouch.com>;
SHLCY,103.74.169.175,SHLCY,interTouch,interTouch,Angelo Roque <angelo.roque@intertouch.com>;
HUZLM,119.146.93.154,HUZLM,interTouch,interTouch,Angelo Roque <angelo.roque@intertouch.com>;
BJSCP,123.124.235.41,BJSCP,interTouch,interTouch,Angelo Roque <angelo.roque@intertouch.com>;
TPECY,61.222.133.33,TPECY,interTouch,interTouch,Angelo Roque <angelo.roque@intertouch.com>;
HYDWH,122.184.79.131,HYDWH,interTouch,interTouch,Angelo Roque <angelo.roque@intertouch.com>;
BLRWF,103.240.101.215,BLRWF,interTouch,interTouch,Angelo Roque <angelo.roque@intertouch.com>;
